Date,Price
2010-10-07,0.06
2010-10-08,0.08
2010-10-09,0.09
2010-10-10,0.10
2010-10-11,0.10
2010-10-12,0.09
2010-10-13,0.10
2010-10-14,0.10
2010-10-15,0.10
2010-10-16,0.10
2010-10-17,0.10
2010-10-18,0.10
2010-10-19,0.10
2010-10-20,0.10
2010-10-21,0.10
2010-10-22,0.11
2010-10-23,0.11
2010-10-24,0.11
2010-10-25,0.15
2010-10-26,0.16
2010-10-27,0.18
2010-10-28,0.19
2010-10-29,0.19
2010-10-30,0.19
2010-10-31,0.19
2010-11-01,0.19
2010-11-02,0.19
2010-11-03,0.19
2010-11-04,0.21
2010-11-05,0.24
2010-11-06,0.29
2010-11-07,0.36
2010-11-08,0.32
2010-11-09,0.27
2010-11-10,0.20
2010-11-11,0.22
2010-11-12,0.26
2010-11-13,0.29
2010-11-14,0.28
2010-11-15,0.27
2010-11-16,0.25
2010-11-17,0.26
2010-11-18,0.27
2010-11-19,0.27
2010-11-20,0.28
2010-11-21,0.28
2010-11-22,0.28
2010-11-23,0.28
2010-11-24,0.28
2010-11-25,0.28
2010-11-26,0.28
2010-11-27,0.28
2010-11-28,0.28
2010-11-29,0.25
2010-11-30,0.21
2010-12-01,0.21
2010-12-02,0.24
2010-12-03,0.25
2010-12-04,0.23
2010-12-05,0.21
2010-12-06,0.20
2010-12-07,0.22
2010-12-08,0.23
2010-12-09,0.21
2010-12-10,0.19
2010-12-11,0.22
2010-12-12,0.21
2010-12-13,0.22
2010-12-14,0.23
2010-12-15,0.24
2010-12-16,0.25
2010-12-17,0.25
2010-12-18,0.25
2010-12-19,0.24
2010-12-20,0.26
2010-12-21,0.25
2010-12-22,0.25
2010-12-23,0.25
2010-12-24,0.25
2010-12-25,0.25
2010-12-26,0.25
2010-12-27,0.26
2010-12-28,0.27
2010-12-29,0.29
2010-12-30,0.30
2010-12-31,0.29
2011-01-01,0.30
2011-01-02,0.30
2011-01-03,0.30
2011-01-04,0.29
2011-01-05,0.30
2011-01-06,0.30
2011-01-07,0.31
2011-01-08,0.31
2011-01-09,0.32
2011-01-10,0.32
2011-01-11,0.32
2011-01-12,0.34
2011-01-13,0.36
2011-01-14,0.39
2011-01-15,0.39
2011-01-16,0.39
2011-01-17,0.35
2011-01-18,0.32
2011-01-19,0.31
2011-01-20,0.35
2011-01-21,0.40
2011-01-22,0.43
2011-01-23,0.44
2011-01-24,0.41
2011-01-25,0.42
2011-01-26,0.41
2011-01-27,0.44
2011-01-28,0.43
2011-01-29,0.44
2011-01-30,0.46
2011-01-31,0.51
2011-02-01,0.74
2011-02-02,0.73
2011-02-03,0.71
2011-02-04,0.80
2011-02-05,0.86
2011-02-06,0.87
2011-02-07,0.86
2011-02-08,0.90
2011-02-09,0.96
2011-02-10,0.96
2011-02-11,0.99
2011-02-12,1.06
2011-02-13,1.05
2011-02-14,1.06
2011-02-15,1.05
2011-02-16,1.04
2011-02-17,1.04
2011-02-18,0.89
2011-02-19,0.91
2011-02-20,0.85
2011-02-21,0.84
2011-02-22,0.88
2011-02-23,0.90
2011-02-24,0.95
2011-02-25,0.96
2011-02-26,0.94
2011-02-27,0.93
2011-02-28,0.88
2011-03-01,0.95
2011-03-02,0.92
2011-03-03,0.92
2011-03-04,0.91
2011-03-05,0.88
2011-03-06,0.85
2011-03-07,0.89
2011-03-08,0.87
2011-03-09,0.85
2011-03-10,0.89
2011-03-11,0.89
2011-03-12,0.90
2011-03-13,0.90
2011-03-14,0.89
2011-03-15,0.88
2011-03-16,0.85
2011-03-17,0.84
2011-03-18,0.77
2011-03-19,0.76
2011-03-20,0.77
2011-03-21,0.75
2011-03-22,0.78
2011-03-23,0.83
2011-03-24,0.88
2011-03-25,0.88
2011-03-26,0.87
2011-03-27,0.83
2011-03-28,0.81
2011-03-29,0.79
2011-03-30,0.79
2011-03-31,0.79
2011-04-01,0.78
2011-04-02,0.79
2011-04-03,0.78
2011-04-04,0.69
2011-04-05,0.67
2011-04-06,0.72
2011-04-07,0.75
2011-04-08,0.76
2011-04-09,0.74
2011-04-10,0.74
2011-04-11,0.77
2011-04-12,0.85
2011-04-13,0.93
2011-04-14,0.95
2011-04-15,1.00
2011-04-16,1.04
2011-04-17,1.08
2011-04-18,1.15
2011-04-19,1.18
2011-04-20,1.16
2011-04-21,1.18
2011-04-22,1.29
2011-04-23,1.55
2011-04-24,1.67
2011-04-25,1.58
2011-04-26,1.67
2011-04-27,1.89
2011-04-28,2.03
2011-04-29,2.59
2011-04-30,3.29
2011-05-01,3.14
2011-05-02,3.24
2011-05-03,3.32
2011-05-04,3.44
2011-05-05,3.41
2011-05-06,3.48
2011-05-07,3.61
2011-05-08,3.77
2011-05-09,3.80
2011-05-10,4.74
2011-05-11,5.35
2011-05-12,5.83
2011-05-13,7.48
2011-05-14,7.86
2011-05-15,6.74
2011-05-16,7.77
2011-05-17,7.52
2011-05-18,7.14
2011-05-19,6.96
2011-05-20,6.28
2011-05-21,5.97
2011-05-22,6.47
2011-05-23,7.10
2011-05-24,7.23
2011-05-25,7.98
2011-05-26,8.55
2011-05-27,8.67
2011-05-28,8.45
2011-05-29,8.30
2011-05-30,8.72
2011-05-31,8.88
2011-06-01,9.21
2011-06-02,10.11
2011-06-03,13.08
2011-06-04,16.41
2011-06-05,17.32
2011-06-06,18.46
2011-06-07,19.90
2011-06-08,27.25
2011-06-09,29.58
2011-06-10,24.67
2011-06-11,17.61
2011-06-12,16.21
2011-06-13,20.11
2011-06-14,19.25
2011-06-15,19.68
2011-06-16,18.86
2011-06-17,15.51
2011-06-18,16.04
2011-06-19,17.77
2011-06-20,17.46
2011-06-21,17.15
2011-06-22,16.84
2011-06-23,16.52
2011-06-24,16.21
2011-06-25,15.90
2011-06-26,15.59
2011-06-27,17.01
2011-06-28,16.93
2011-06-29,16.88
2011-06-30,16.51
2011-07-01,15.90
2011-07-02,15.53
2011-07-03,15.48
2011-07-04,14.48
2011-07-05,12.80
2011-07-06,14.80
2011-07-07,15.16
2011-07-08,14.35
2011-07-09,14.39
2011-07-10,15.08
2011-07-11,14.37
2011-07-12,14.15
2011-07-13,14.03
2011-07-14,13.93
2011-07-15,13.90
2011-07-16,13.62
2011-07-17,13.34
2011-07-18,13.03
2011-07-19,14.04
2011-07-20,13.69
2011-07-21,13.66
2011-07-22,13.65
2011-07-23,13.64
2011-07-24,13.86
2011-07-25,14.20
2011-07-26,13.91
2011-07-27,13.96
2011-07-28,13.61
2011-07-29,13.51
2011-07-30,13.53
2011-07-31,13.52
2011-08-01,13.17
2011-08-02,12.39
2011-08-03,10.45
2011-08-04,10.58
2011-08-05,10.27
2011-08-06,7.82
2011-08-07,7.72
2011-08-08,7.74
2011-08-09,9.72
2011-08-10,10.00
2011-08-11,9.47
2011-08-12,9.32
2011-08-13,9.80
2011-08-14,10.61
2011-08-15,11.30
2011-08-16,11.05
2011-08-17,10.88
2011-08-18,10.90
2011-08-19,11.40
2011-08-20,11.49
2011-08-21,11.38
2011-08-22,11.03
2011-08-23,11.03
2011-08-24,10.94
2011-08-25,10.01
2011-08-26,8.65
2011-08-27,8.63
2011-08-28,8.97
2011-08-29,8.93
2011-08-30,8.78
2011-08-31,8.35
2011-09-01,8.22
2011-09-02,8.44
2011-09-03,8.53
2011-09-04,8.17
2011-09-05,7.62
2011-09-06,6.73
2011-09-07,7.03
2011-09-08,6.80
2011-09-09,5.31
2011-09-10,5.03
2011-09-11,6.07
2011-09-12,6.04
2011-09-13,5.84
2011-09-14,5.56
2011-09-15,4.98
2011-09-16,4.82
2011-09-17,4.81
2011-09-18,5.14
2011-09-19,5.29
2011-09-20,6.11
2011-09-21,5.63
2011-09-22,5.54
2011-09-23,5.61
2011-09-24,5.45
2011-09-25,5.41
2011-09-26,4.96
2011-09-27,4.92
2011-09-28,4.77
2011-09-29,4.74
2011-09-30,5.02
2011-10-01,5.05
2011-10-02,4.98
2011-10-03,4.97
2011-10-04,4.96
2011-10-05,4.90
2011-10-06,4.69
2011-10-07,4.29
2011-10-08,4.03
2011-10-09,4.19
2011-10-10,4.10
2011-10-11,3.95
2011-10-12,4.07
2011-10-13,4.08
2011-10-14,4.01
2011-10-15,3.89
2011-10-16,3.64
2011-10-17,2.85
2011-10-18,2.62
2011-10-19,2.28
2011-10-20,2.31
2011-10-21,2.54
2011-10-22,3.01
2011-10-23,3.08
2011-10-24,2.81
2011-10-25,2.74
2011-10-26,2.75
2011-10-27,2.92
2011-10-28,3.11
2011-10-29,3.54
2011-10-30,3.38
2011-10-31,3.19
2011-11-01,3.19
2011-11-02,3.23
2011-11-03,3.21
2011-11-04,3.13
2011-11-05,3.01
2011-11-06,2.96
2011-11-07,3.00
2011-11-08,3.09
2011-11-09,3.00
2011-11-10,2.87
2011-11-11,2.97
2011-11-12,3.06
2011-11-13,3.00
2011-11-14,2.51
2011-11-15,2.30
2011-11-16,2.46
2011-11-17,2.23
2011-11-18,2.14
2011-11-19,2.17
2011-11-20,2.28
2011-11-21,2.23
2011-11-22,2.31
2011-11-23,2.32
2011-11-24,2.42
2011-11-25,2.47
2011-11-26,2.48
2011-11-27,2.46
2011-11-28,2.51
2011-11-29,2.79
2011-11-30,2.91
2011-12-01,3.05
2011-12-02,3.10
2011-12-03,2.93
2011-12-04,2.75
2011-12-05,2.87
2011-12-06,2.98
2011-12-07,3.00
2011-12-08,2.95
2011-12-09,2.99
2011-12-10,3.04
2011-12-11,3.20
2011-12-12,3.18
2011-12-13,3.21
2011-12-14,3.12
2011-12-15,3.17
2011-12-16,3.18
2011-12-17,3.19
2011-12-18,3.20
2011-12-19,3.41
2011-12-20,3.97
2011-12-21,3.93
2011-12-22,3.79
2011-12-23,3.90
2011-12-24,3.92
2011-12-25,4.14
2011-12-26,4.04
2011-12-27,4.03
2011-12-28,4.14
2011-12-29,4.22
2011-12-30,4.19
2011-12-31,4.60
2012-01-01,5.10
2012-01-02,5.21
2012-01-03,4.95
2012-01-04,5.25
2012-01-05,6.20
2012-01-06,6.79
2012-01-07,6.72
2012-01-08,7.05
2012-01-09,6.47
2012-01-10,6.40
2012-01-11,6.81
2012-01-12,6.74
2012-01-13,6.61
2012-01-14,6.59
2012-01-15,6.90
2012-01-16,6.83
2012-01-17,6.04
2012-01-18,5.98
2012-01-19,6.18
2012-01-20,6.44
2012-01-21,6.29
2012-01-22,6.29
2012-01-23,6.31
2012-01-24,6.30
2012-01-25,5.88
2012-01-26,5.59
2012-01-27,5.29
2012-01-28,5.57
2012-01-29,5.48
2012-01-30,5.51
2012-01-31,5.53
2012-02-01,5.82
2012-02-02,6.03
2012-02-03,5.92
2012-02-04,5.92
2012-02-05,5.68
2012-02-06,5.55
2012-02-07,5.62
2012-02-08,5.64
2012-02-09,5.75
2012-02-10,5.88
2012-02-11,5.70
2012-02-12,5.60
2012-02-13,5.34
2012-02-14,4.70
2012-02-15,4.58
2012-02-16,4.19
2012-02-17,4.46
2012-02-18,4.27
2012-02-19,4.35
2012-02-20,4.37
2012-02-21,4.31
2012-02-22,4.44
2012-02-23,4.82
2012-02-24,4.98
2012-02-25,4.88
2012-02-26,4.96
2012-02-27,4.95
2012-02-28,4.87
2012-02-29,4.86
2012-03-01,4.94
2012-03-02,4.69
2012-03-03,4.68
2012-03-04,4.81
2012-03-05,4.95
2012-03-06,4.98
2012-03-07,4.93
2012-03-08,4.87
2012-03-09,4.90
2012-03-10,4.82
2012-03-11,4.91
2012-03-12,4.91
2012-03-13,5.16
2012-03-14,5.37
2012-03-15,5.33
2012-03-16,5.35
2012-03-17,5.32
2012-03-18,5.26
2012-03-19,4.88
2012-03-20,4.79
2012-03-21,4.82
2012-03-22,4.76
2012-03-23,4.70
2012-03-24,4.65
2012-03-25,4.50
2012-03-26,4.65
2012-03-27,4.67
2012-03-28,4.79
2012-03-29,4.77
2012-03-30,4.80
2012-03-31,4.89
2012-04-01,4.79
2012-04-02,4.94
2012-04-03,4.90
2012-04-04,4.93
2012-04-05,4.91
2012-04-06,4.94
2012-04-07,4.80
2012-04-08,4.72
2012-04-09,4.78
2012-04-10,4.83
2012-04-11,4.89
2012-04-12,4.89
2012-04-13,4.86
2012-04-14,4.98
2012-04-15,4.92
2012-04-16,4.95
2012-04-17,4.96
2012-04-18,5.08
2012-04-19,5.15
2012-04-20,5.23
2012-04-21,5.27
2012-04-22,5.18
2012-04-23,5.12
2012-04-24,5.07
2012-04-25,5.13
2012-04-26,5.08
2012-04-27,5.08
2012-04-28,4.96
2012-04-29,4.94
2012-04-30,4.94
2012-05-01,4.96
2012-05-02,5.08
2012-05-03,5.09
2012-05-04,5.12
2012-05-05,5.07
2012-05-06,5.05
2012-05-07,5.04
2012-05-08,5.03
2012-05-09,5.05
2012-05-10,4.96
2012-05-11,4.93
2012-05-12,4.95
2012-05-13,4.96
2012-05-14,4.99
2012-05-15,5.01
2012-05-16,5.07
2012-05-17,5.08
2012-05-18,5.10
2012-05-19,5.11
2012-05-20,5.12
2012-05-21,5.10
2012-05-22,5.08
2012-05-23,5.13
2012-05-24,5.12
2012-05-25,5.13
2012-05-26,5.12
2012-05-27,5.12
2012-05-28,5.13
2012-05-29,5.11
2012-05-30,5.14
2012-05-31,5.16
2012-06-01,5.24
2012-06-02,5.24
2012-06-03,5.22
2012-06-04,5.23
2012-06-05,5.39
2012-06-06,5.44
2012-06-07,5.50
2012-06-08,5.62
2012-06-09,5.57
2012-06-10,5.49
2012-06-11,5.51
2012-06-12,5.60
2012-06-13,5.86
2012-06-14,5.90
2012-06-15,6.12
2012-06-16,6.46
2012-06-17,6.33
2012-06-18,6.27
2012-06-19,6.44
2012-06-20,6.61
2012-06-21,6.69
2012-06-22,6.58
2012-06-23,6.50
2012-06-24,6.41
2012-06-25,6.32
2012-06-26,6.40
2012-06-27,6.53
2012-06-28,6.59
2012-06-29,6.63
2012-06-30,6.66
2012-07-01,6.60
2012-07-02,6.71
2012-07-03,6.55
2012-07-04,6.51
2012-07-05,6.65
2012-07-06,6.64
2012-07-07,6.77
2012-07-08,6.79
2012-07-09,6.90
2012-07-10,7.10
2012-07-11,7.11
2012-07-12,7.30
2012-07-13,7.63
2012-07-14,7.60
2012-07-15,7.58
2012-07-16,8.08
2012-07-17,8.34
2012-07-18,9.02
2012-07-19,9.09
2012-07-20,8.20
2012-07-21,8.88
2012-07-22,8.62
2012-07-23,8.46
2012-07-24,8.63
2012-07-25,8.59
2012-07-26,8.77
2012-07-27,8.89
2012-07-28,8.86
2012-07-29,8.77
2012-07-30,8.95
2012-07-31,9.24
2012-08-01,9.43
2012-08-02,10.13
2012-08-03,10.73
2012-08-04,11.00
2012-08-05,10.63
2012-08-06,10.90
2012-08-07,10.85
2012-08-08,11.04
2012-08-09,11.33
2012-08-10,11.41
2012-08-11,11.50
2012-08-12,11.64
2012-08-13,11.79
2012-08-14,12.09
2012-08-15,12.61
2012-08-16,13.23
2012-08-17,13.26
2012-08-18,11.87
2012-08-19,9.09
2012-08-20,9.53
2012-08-21,10.03
2012-08-22,9.86
2012-08-23,10.00
2012-08-24,10.27
2012-08-25,10.45
2012-08-26,10.55
2012-08-27,11.18
2012-08-28,10.90
2012-08-29,10.84
2012-08-30,10.76
2012-08-31,10.18
2012-09-01,10.00
2012-09-02,10.05
2012-09-03,10.35
2012-09-04,10.30
2012-09-05,10.75
2012-09-06,10.94
2012-09-07,11.10
2012-09-08,10.98
2012-09-09,11.05
2012-09-10,11.04
2012-09-11,11.11
2012-09-12,11.21
2012-09-13,11.34
2012-09-14,11.58
2012-09-15,11.71
2012-09-16,11.88
2012-09-17,11.90
2012-09-18,12.06
2012-09-19,12.41
2012-09-20,12.48
2012-09-21,12.27
2012-09-22,12.22
2012-09-23,12.00
2012-09-24,12.12
2012-09-25,12.11
2012-09-26,12.23
2012-09-27,12.32
2012-09-28,12.35
2012-09-29,12.40
2012-09-30,12.38
2012-10-01,12.39
2012-10-02,12.63
2012-10-03,12.84
2012-10-04,12.88
2012-10-05,12.75
2012-10-06,12.58
2012-10-07,12.01
2012-10-08,11.26
2012-10-09,11.97
2012-10-10,12.02
2012-10-11,12.03
2012-10-12,12.05
2012-10-13,11.96
2012-10-14,11.84
2012-10-15,11.72
2012-10-16,11.79
2012-10-17,11.88
2012-10-18,11.88
2012-10-19,11.76
2012-10-20,11.72
2012-10-21,11.68
2012-10-22,11.70
2012-10-23,11.73
2012-10-24,11.68
2012-10-25,11.03
2012-10-26,10.31
2012-10-27,10.38
2012-10-28,10.57
2012-10-29,10.65
2012-10-30,10.75
2012-10-31,11.02
2012-11-01,10.93
2012-11-02,10.58
2012-11-03,10.54
2012-11-04,10.67
2012-11-05,10.73
2012-11-06,10.80
2012-11-07,10.98
2012-11-08,10.92
2012-11-09,10.86
2012-11-10,10.85
2012-11-11,10.81
2012-11-12,10.99
2012-11-13,11.00
2012-11-14,10.95
2012-11-15,11.08
2012-11-16,11.49
2012-11-17,11.67
2012-11-18,11.71
2012-11-19,11.72
2012-11-20,11.69
2012-11-21,11.72
2012-11-22,12.07
2012-11-23,12.30
2012-11-24,12.37
2012-11-25,12.49
2012-11-26,12.36
2012-11-27,12.10
2012-11-28,12.28
2012-11-29,12.43
2012-11-30,12.56
2012-12-01,12.58
2012-12-02,12.56
2012-12-03,12.57
2012-12-04,13.03
2012-12-05,13.28
2012-12-06,13.38
2012-12-07,13.35
2012-12-08,13.46
2012-12-09,13.23
2012-12-10,13.42
2012-12-11,13.50
2012-12-12,13.60
2012-12-13,13.70
2012-12-14,13.56
2012-12-15,13.54
2012-12-16,13.35
2012-12-17,13.19
2012-12-18,13.24
2012-12-19,13.40
2012-12-20,13.53
2012-12-21,13.52
2012-12-22,13.42
2012-12-23,13.22
2012-12-24,13.38
2012-12-25,13.31
2012-12-26,13.34
2012-12-27,13.38
2012-12-28,13.45
2012-12-29,13.49
2012-12-30,13.45
2012-12-31,13.48
2013-01-01,13.34
2013-01-02,13.31
2013-01-03,13.36
2013-01-04,13.42
2013-01-05,13.45
2013-01-06,13.46
2013-01-07,13.50
2013-01-08,13.71
2013-01-09,13.73
2013-01-10,14.04
2013-01-11,14.11
2013-01-12,14.16
2013-01-13,14.10
2013-01-14,14.25
2013-01-15,14.20
2013-01-16,14.52
2013-01-17,15.16
2013-01-18,15.67
2013-01-19,15.46
2013-01-20,15.71
2013-01-21,16.38
2013-01-22,17.15
2013-01-23,17.22
2013-01-24,17.77
2013-01-25,16.69
2013-01-26,17.14
2013-01-27,17.64
2013-01-28,18.32
2013-01-29,19.17
2013-01-30,19.45
2013-01-31,20.54
2013-02-01,20.72
2013-02-02,19.49
2013-02-03,20.25
2013-02-04,20.42
2013-02-05,20.55
2013-02-06,21.06
2013-02-07,21.57
2013-02-08,22.41
2013-02-09,23.18
2013-02-10,23.42
2013-02-11,24.07
2013-02-12,25.07
2013-02-13,25.49
2013-02-14,25.44
2013-02-15,27.01
2013-02-16,27.15
2013-02-17,26.38
2013-02-18,26.75
2013-02-19,28.19
2013-02-20,29.49
2013-02-21,29.71
2013-02-22,30.47
2013-02-23,29.04
2013-02-24,29.78
2013-02-25,30.10
2013-02-26,31.00
2013-02-27,31.22
2013-02-28,32.76
2013-03-01,34.22
2013-03-02,33.91
2013-03-03,34.14
2013-03-04,35.46
2013-03-05,39.36
2013-03-06,45.39
2013-03-07,40.83
2013-03-08,43.10
2013-03-09,45.23
2013-03-10,46.74
2013-03-11,47.55
2013-03-12,43.63
2013-03-13,46.37
2013-03-14,47.33
2013-03-15,47.04
2013-03-16,46.85
2013-03-17,47.32
2013-03-18,48.81
2013-03-19,55.37
2013-03-20,62.00
2013-03-21,69.42
2013-03-22,70.65
2013-03-23,62.31
2013-03-24,68.89
2013-03-25,74.02
2013-03-26,77.78
2013-03-27,85.36
2013-03-28,88.05
2013-03-29,89.04
2013-03-30,92.00
2013-03-31,93.06
2013-04-01,99.93
2013-04-02,108.01
2013-04-03,128.28
2013-04-04,131.83
2013-04-05,139.44
2013-04-06,142.03
2013-04-07,153.97
2013-04-08,181.64
2013-04-09,214.72
2013-04-10,181.93
2013-04-11,144.51
2013-04-12,82.89
2013-04-13,107.78
2013-04-14,96.76
2013-04-15,86.80
2013-04-16,65.35
2013-04-17,85.05
2013-04-18,97.20
2013-04-19,119.07
2013-04-20,123.64
2013-04-21,120.20
2013-04-22,122.52
2013-04-23,133.51
2013-04-24,150.66
2013-04-25,143.09
2013-04-26,132.85
2013-04-27,131.33
2013-04-28,133.36
2013-04-29,141.94
2013-04-30,139.62
2013-05-01,121.32
2013-05-02,106.85
2013-05-03,91.33
2013-05-04,106.32
2013-05-05,113.56
2013-05-06,117.22
2013-05-07,106.81
2013-05-08,113.22
2013-05-09,111.48
2013-05-10,117.13
2013-05-11,115.49
2013-05-12,114.72
2013-05-13,116.69
2013-05-14,114.17
2013-05-15,109.73
2013-05-16,113.79
2013-05-17,119.22
2013-05-18,121.44
2013-05-19,120.10
2013-05-20,120.44
2013-05-21,120.53
2013-05-22,121.24
2013-05-23,123.62
2013-05-24,128.48
2013-05-25,129.80
2013-05-26,132.24
2013-05-27,128.54
2013-05-28,127.01
2013-05-29,129.53
2013-05-30,129.19
2013-05-31,128.04
2013-06-01,128.30
2013-06-02,121.93
2013-06-03,119.54
2013-06-04,120.93
2013-06-05,121.19
2013-06-06,119.85
2013-06-07,112.46
2013-06-08,109.16
2013-06-09,97.81
2013-06-10,103.94
2013-06-11,106.66
2013-06-12,108.80
2013-06-13,104.45
2013-06-14,100.19
2013-06-15,100.30
2013-06-16,99.82
2013-06-17,100.53
2013-06-18,106.24
2013-06-19,106.67
2013-06-20,108.74
2013-06-21,105.93
2013-06-22,104.82
2013-06-23,103.94
2013-06-24,100.99
2013-06-25,101.89
2013-06-26,101.33
2013-06-27,99.94
2013-06-28,94.37
2013-06-29,93.13
2013-06-30,93.07
2013-07-01,88.42
2013-07-02,88.11
2013-07-03,82.81
2013-07-04,77.66
2013-07-05,70.81
2013-07-06,68.71
2013-07-07,69.62
2013-07-08,75.51
2013-07-09,74.54
2013-07-10,81.10
2013-07-11,86.85
2013-07-12,94.76
2013-07-13,91.21
2013-07-14,93.73
2013-07-15,95.73
2013-07-16,94.94
2013-07-17,94.37
2013-07-18,86.35
2013-07-19,88.09
2013-07-20,88.54
2013-07-21,87.17
2013-07-22,88.49
2013-07-23,89.66
2013-07-24,90.46
2013-07-25,92.41
2013-07-26,92.93
2013-07-27,91.24
2013-07-28,94.46
2013-07-29,96.17
2013-07-30,98.42
2013-07-31,102.57
2013-08-01,100.55
2013-08-02,100.10
2013-08-03,99.04
2013-08-04,99.77
2013-08-05,101.19
2013-08-06,101.52
2013-08-07,100.78
2013-08-08,98.03
2013-08-09,96.99
2013-08-10,97.10
2013-08-11,97.91
2013-08-12,98.90
2013-08-13,100.70
2013-08-14,104.32
2013-08-15,103.36
2013-08-16,102.38
2013-08-17,103.77
2013-08-18,104.53
2013-08-19,108.15
2013-08-20,109.95
2013-08-21,113.49
2013-08-22,115.20
2013-08-23,112.05
2013-08-24,112.49
2013-08-25,115.14
2013-08-26,115.33
2013-08-27,120.67
2013-08-28,122.36
2013-08-29,122.22
2013-08-30,127.38
2013-08-31,133.88
2013-09-01,134.89
2013-09-02,135.40
2013-09-03,134.63
2013-09-04,128.54
2013-09-05,125.17
2013-09-06,122.54
2013-09-07,121.18
2013-09-08,120.81
2013-09-09,123.31
2013-09-10,126.16
2013-09-11,127.34
2013-09-12,131.14
2013-09-13,132.25
2013-09-14,129.41
2013-09-15,128.45
2013-09-16,129.93
2013-09-17,130.47
2013-09-18,130.99
2013-09-19,128.57
2013-09-20,126.84
2013-09-21,126.14
2013-09-22,125.69
2013-09-23,125.93
2013-09-24,126.05
2013-09-25,127.50
2013-09-26,127.44
2013-09-27,129.24
2013-09-28,130.02
2013-09-29,131.77
2013-09-30,130.09
2013-10-01,130.84
2013-10-02,113.42
2013-10-03,114.50
2013-10-04,124.11
2013-10-05,125.10
2013-10-06,125.29
2013-10-07,126.29
2013-10-08,126.88
2013-10-09,128.49
2013-10-10,129.23
2013-10-11,129.85
2013-10-12,130.56
2013-10-13,133.30
2013-10-14,138.58
2013-10-15,142.20
2013-10-16,145.29
2013-10-17,144.71
2013-10-18,151.40
2013-10-19,166.87
2013-10-20,168.72
2013-10-21,178.86
2013-10-22,191.20
2013-10-23,199.63
2013-10-24,189.15
2013-10-25,181.11
2013-10-26,184.00
2013-10-27,190.76
2013-10-28,196.91
2013-10-29,202.12
2013-10-30,202.77
2013-10-31,202.36
2013-11-01,204.32
2013-11-02,205.67
2013-11-03,208.60
2013-11-04,222.08
2013-11-05,239.53
2013-11-06,256.58
2013-11-07,285.37
2013-11-08,320.88
2013-11-09,343.16
2013-11-10,303.47
2013-11-11,337.00
2013-11-12,354.18
2013-11-13,383.15
2013-11-14,412.23
2013-11-15,420.04
2013-11-16,436.31
2013-11-17,467.14
2013-11-18,559.51
2013-11-19,609.54
2013-11-20,543.36
2013-11-21,670.01
2013-11-22,744.59
2013-11-23,833.66
2013-11-24,795.64
2013-11-25,808.25
2013-11-26,853.81
2013-11-27,943.16
2013-11-28,1012.49
2013-11-29,1074.23
2013-11-30,1139.10
2013-12-01,953.81
2013-12-02,1005.31
2013-12-03,1057.00
2013-12-04,1117.79
2013-12-05,981.78
2013-12-06,898.18
2013-12-07,708.00
2013-12-08,733.05
2013-12-09,868.79
2013-12-10,944.07
2013-12-11,893.63
2013-12-12,864.14
2013-12-13,885.49
2013-12-14,862.77
2013-12-15,840.16
2013-12-16,733.49
2013-12-17,681.68
2013-12-18,529.21
2013-12-19,623.49
2013-12-20,653.86
2013-12-21,601.55
2013-12-22,636.06
2013-12-23,637.73
2013-12-24,649.54
2013-12-25,661.58
2013-12-26,724.46
2013-12-27,728.23
2013-12-28,717.96
2013-12-29,717.90
2013-12-30,734.51
2013-12-31,727.98
2014-01-01,745.45
2014-01-02,768.67
2014-01-03,798.57
2014-01-04,814.07
2014-01-05,881.82
2014-01-06,936.62
2014-01-07,857.96
2014-01-08,809.64
2014-01-09,815.29
2014-01-10,829.44
2014-01-11,883.00
2014-01-12,858.24
2014-01-13,814.71
2014-01-14,821.00
2014-01-15,837.66
2014-01-16,828.18
2014-01-17,795.31
2014-01-18,808.12
2014-01-19,821.41
2014-01-20,831.00
2014-01-21,821.57
2014-01-22,814.24
2014-01-23,811.40
2014-01-24,786.70
2014-01-25,796.79
2014-01-26,819.29
2014-01-27,776.44
2014-01-28,781.56
2014-01-29,794.65
2014-01-30,794.78
2014-01-31,801.74
2014-02-01,815.29
2014-02-02,818.22
2014-02-03,808.55
2014-02-04,803.25
2014-02-05,796.18
2014-02-06,774.92
2014-02-07,702.59
2014-02-08,693.14
2014-02-09,700.46
2014-02-10,638.64
2014-02-11,673.35
2014-02-12,659.15
2014-02-13,631.77
2014-02-14,623.49
2014-02-15,650.33
2014-02-16,625.45
2014-02-17,637.17
2014-02-18,627.29
2014-02-19,626.90
2014-02-20,591.37
2014-02-21,562.79
2014-02-22,593.49
2014-02-23,619.69
2014-02-24,565.21
2014-02-25,480.66
2014-02-26,576.37
2014-02-27,586.72
2014-02-28,564.40
2014-03-01,556.79
2014-03-02,562.40
2014-03-03,632.09
2014-03-04,680.79
2014-03-05,665.17
2014-03-06,663.12
2014-03-07,635.64
2014-03-08,618.00
2014-03-09,637.38
2014-03-10,627.64
2014-03-11,627.70
2014-03-12,640.99
2014-03-13,643.84
2014-03-14,634.10
2014-03-15,633.24
2014-03-16,633.44
2014-03-17,624.56
2014-03-18,610.49
2014-03-19,613.12
2014-03-20,593.30
2014-03-21,579.21
2014-03-22,557.16
2014-03-23,563.42
2014-03-24,570.13
2014-03-25,577.40
2014-03-26,580.61
2014-03-27,524.95
2014-03-28,502.24
2014-03-29,498.31
2014-03-30,459.75
2014-03-31,455.01
2014-04-01,479.96
2014-04-02,456.89
2014-04-03,437.95
2014-04-04,444.53
2014-04-05,452.72
2014-04-06,456.63
2014-04-07,453.19
2014-04-08,452.85
2014-04-09,446.46
2014-04-10,398.93
2014-04-11,392.23
2014-04-12,427.60
2014-04-13,410.36
2014-04-14,449.66
2014-04-15,495.80
2014-04-16,520.26
2014-04-17,502.08
2014-04-18,484.07
2014-04-19,492.91
2014-04-20,504.53
2014-04-21,501.50
2014-04-22,494.08
2014-04-23,489.53
2014-04-24,490.33
2014-04-25,462.64
2014-04-26,459.45
2014-04-27,446.14
2014-04-28,438.36
2014-04-29,443.77
2014-04-30,444.51
2014-05-01,458.55
2014-05-02,451.16
2014-05-03,440.16
2014-05-04,435.61
2014-05-05,433.29
2014-05-06,427.71
2014-05-07,441.01
2014-05-08,443.81
2014-05-09,449.34
2014-05-10,453.94
2014-05-11,440.82
2014-05-12,439.62
2014-05-13,437.20
2014-05-14,444.30
2014-05-15,449.11
2014-05-16,448.78
2014-05-17,448.39
2014-05-18,447.43
2014-05-19,446.31
2014-05-20,475.49
2014-05-21,495.17
2014-05-22,514.23
2014-05-23,531.75
2014-05-24,521.93
2014-05-25,565.30
2014-05-26,581.99
2014-05-27,574.02
2014-05-28,573.82
2014-05-29,568.98
2014-05-30,602.24
2014-05-31,621.21
2014-06-01,646.48
2014-06-02,646.10
2014-06-03,667.69
2014-06-04,641.27
2014-06-05,657.07
2014-06-06,654.95
2014-06-07,648.58
2014-06-08,656.24
2014-06-09,647.65
2014-06-10,650.06
2014-06-11,633.98
2014-06-12,590.47
2014-06-13,587.21
2014-06-14,559.67
2014-06-15,571.33
2014-06-16,598.86
2014-06-17,598.16
2014-06-18,608.36
2014-06-19,602.05
2014-06-20,590.20
2014-06-21,588.08
2014-06-22,599.14
2014-06-23,587.80
2014-06-24,582.67
2014-06-25,564.55
2014-06-26,569.32
2014-06-27,585.44
2014-06-28,597.02
2014-06-29,596.22
2014-06-30,625.26
2014-07-01,648.67
2014-07-02,649.58
2014-07-03,645.80
2014-07-04,632.63
2014-07-05,629.46
2014-07-06,632.00
2014-07-07,623.33
2014-07-08,621.80
2014-07-09,622.75
2014-07-10,615.55
2014-07-11,626.33
2014-07-12,635.82
2014-07-13,633.41
2014-07-14,622.78
2014-07-15,621.93
2014-07-16,616.98
2014-07-17,619.28
2014-07-18,625.86
2014-07-19,628.73
2014-07-20,624.09
2014-07-21,619.69
2014-07-22,622.49
2014-07-23,620.32
2014-07-24,605.22
2014-07-25,600.20
2014-07-26,594.47
2014-07-27,595.51
2014-07-28,582.09
2014-07-29,582.90
2014-07-30,570.98
2014-07-31,576.62
2014-08-01,595.68
2014-08-02,591.63
2014-08-03,583.84
2014-08-04,588.19
2014-08-05,582.02
2014-08-06,581.74
2014-08-07,585.58
2014-08-08,590.24
2014-08-09,587.59
2014-08-10,591.46
2014-08-11,579.81
2014-08-12,568.09
2014-08-13,544.69
2014-08-14,515.95
2014-08-15,500.79
2014-08-16,506.36
2014-08-17,501.66
2014-08-18,470.09
2014-08-19,479.83
2014-08-20,498.99
2014-08-21,521.32
2014-08-22,514.41
2014-08-23,500.77
2014-08-24,504.91
2014-08-25,502.74
2014-08-26,509.55
2014-08-27,516.11
2014-08-28,510.17
2014-08-29,508.08
2014-08-30,502.97
2014-08-31,486.47
2014-09-01,479.86
2014-09-02,477.45
2014-09-03,474.88
2014-09-04,484.86
2014-09-05,481.90
2014-09-06,481.00
2014-09-07,479.26
2014-09-08,468.68
2014-09-09,467.55
2014-09-10,482.21
2014-09-11,473.82
2014-09-12,470.02
2014-09-13,476.67
2014-09-14,477.42
2014-09-15,474.20
2014-09-16,468.08
2014-09-17,453.81
2014-09-18,429.34
2014-09-19,399.56
2014-09-20,413.96
2014-09-21,401.88
2014-09-22,402.03
2014-09-23,427.01
2014-09-24,428.89
2014-09-25,411.26
2014-09-26,404.94
2014-09-27,402.16
2014-09-28,384.30
2014-09-29,376.98
2014-09-30,384.32
2014-10-01,384.28
2014-10-02,377.50
2014-10-03,364.24
2014-10-04,340.00
2014-10-05,305.81
2014-10-06,315.47
2014-10-07,326.82
2014-10-08,343.18
2014-10-09,369.16
2014-10-10,362.20
2014-10-11,360.41
2014-10-12,367.50
2014-10-13,384.70
2014-10-14,405.32
2014-10-15,393.67
2014-10-16,382.24
2014-10-17,379.66
2014-10-18,388.16
2014-10-19,389.43
2014-10-20,381.93
2014-10-21,387.02
2014-10-22,384.18
2014-10-23,366.33
2014-10-24,355.85
2014-10-25,348.66
2014-10-26,354.72
2014-10-27,353.54
2014-10-28,354.82
2014-10-29,343.85
2014-10-30,341.65
2014-10-31,341.64
2014-11-01,326.71
2014-11-02,323.64
2014-11-03,328.92
2014-11-04,327.00
2014-11-05,338.45
2014-11-06,345.69
2014-11-07,345.03
2014-11-08,343.81
2014-11-09,355.74
2014-11-10,369.22
2014-11-11,366.50
2014-11-12,405.79
2014-11-13,420.13
2014-11-14,397.95
2014-11-15,382.97
2014-11-16,385.35
2014-11-17,396.07
2014-11-18,379.67
2014-11-19,379.45
2014-11-20,363.52
2014-11-21,351.54
2014-11-22,359.07
2014-11-23,363.32
2014-11-24,377.69
2014-11-25,383.48
2014-11-26,370.59
2014-11-27,371.14
2014-11-28,369.85
2014-11-29,379.00
2014-11-30,376.09
2014-12-01,378.38
2014-12-02,379.73
2014-12-03,378.86
2014-12-04,368.64
2014-12-05,372.43
2014-12-06,374.67
2014-12-07,376.10
2014-12-08,367.08
2014-12-09,351.23
2014-12-10,349.95
2014-12-11,353.52
2014-12-12,354.07
2014-12-13,350.19
2014-12-14,353.97
2014-12-15,350.91
2014-12-16,337.64
2014-12-17,322.90
2014-12-18,313.69
2014-12-19,313.31
2014-12-20,324.74
2014-12-21,324.47
2014-12-22,328.26
2014-12-23,333.77
2014-12-24,328.99
2014-12-25,319.62
2014-12-26,325.72
2014-12-27,317.91
2014-12-28,315.21
2014-12-29,314.59
2014-12-30,312.56
2014-12-31,315.91
2015-01-01,315.64
2015-01-02,314.98
2015-01-03,297.71
2015-01-04,271.87
2015-01-05,272.55
2015-01-06,277.49
2015-01-07,282.44
2015-01-08,287.38
2015-01-09,292.32
2015-01-10,284.13
2015-01-11,272.81
2015-01-12,269.50
2015-01-13,235.97
2015-01-14,189.84
2015-01-15,207.35
2015-01-16,210.72
2015-01-17,200.72
2015-01-18,209.77
2015-01-19,213.36
2015-01-20,210.52
2015-01-21,216.89
2015-01-22,232.69
2015-01-23,232.16
2015-01-24,242.06
2015-01-25,249.64
2015-01-26,282.21
2015-01-27,258.24
2015-01-28,245.28
2015-01-29,232.01
2015-01-30,234.36
2015-01-31,227.73
2015-02-01,221.57
2015-02-02,229.22
2015-02-03,235.25
2015-02-04,225.06
2015-02-05,219.71
2015-02-06,219.53
2015-02-07,227.10
2015-02-08,224.82
2015-02-09,219.56
2015-02-10,218.61
2015-02-11,221.19
2015-02-12,221.13
2015-02-13,234.18
2015-02-14,249.31
2015-02-15,247.74
2015-02-16,235.99
2015-02-17,241.31
2015-02-18,239.03
2015-02-19,240.11
2015-02-20,245.12
2015-02-21,245.60
2015-02-22,237.77
2015-02-23,236.48
2015-02-24,239.00
2015-02-25,238.24
2015-02-26,236.46
2015-02-27,250.20
2015-02-28,251.12
2015-03-01,253.07
2015-03-02,265.89
2015-03-03,274.77
2015-03-04,275.39
2015-03-05,270.29
2015-03-06,272.66
2015-03-07,274.95
2015-03-08,274.45
2015-03-09,282.89
2015-03-10,291.19
2015-03-11,292.11
2015-03-12,294.51
2015-03-13,289.08
2015-03-14,283.96
2015-03-15,285.20
2015-03-16,290.78
2015-03-17,288.15
2015-03-18,267.19
2015-03-19,258.50
2015-03-20,260.82
2015-03-21,259.42
2015-03-22,265.01
2015-03-23,265.98
2015-03-24,249.97
2015-03-25,243.54
2015-03-26,250.60
2015-03-27,247.94
2015-03-28,251.24
2015-03-29,244.06
2015-03-30,244.93
2015-03-31,243.67
2015-04-01,243.11
2015-04-02,250.20
2015-04-03,254.16
2015-04-04,252.88
2015-04-05,256.88
2015-04-06,257.60
2015-04-07,254.24
2015-04-08,246.81
2015-04-09,243.28
2015-04-10,236.24
2015-04-11,236.13
2015-04-12,236.14
2015-04-13,228.99
2015-04-14,217.76
2015-04-15,219.97
2015-04-16,226.69
2015-04-17,223.55
2015-04-18,222.70
2015-04-19,224.76
2015-04-20,224.27
2015-04-21,229.05
2015-04-22,235.21
2015-04-23,234.47
2015-04-24,231.18
2015-04-25,228.26
2015-04-26,219.39
2015-04-27,222.78
2015-04-28,224.79
2015-04-29,224.82
2015-04-30,233.26
2015-05-01,234.75
2015-05-02,232.43
2015-05-03,239.12
2015-05-04,238.59
2015-05-05,233.61
2015-05-06,232.88
2015-05-07,233.30
2015-05-08,241.34
2015-05-09,242.15
2015-05-10,240.83
2015-05-11,240.80
2015-05-12,240.26
2015-05-13,240.70
2015-05-14,236.76
2015-05-15,237.21
2015-05-16,235.99
2015-05-17,235.97
2015-05-18,235.10
2015-05-19,232.66
2015-05-20,233.60
2015-05-21,235.30
2015-05-22,236.77
2015-05-23,239.30
2015-05-24,239.84
2015-05-25,236.29
2015-05-26,236.02
2015-05-27,235.64
2015-05-28,235.98
2015-05-29,235.48
2015-05-30,233.04
2015-05-31,230.95
2015-06-01,225.32
2015-06-02,223.76
2015-06-03,225.07
2015-06-04,224.52
2015-06-05,223.24
2015-06-06,224.42
2015-06-07,223.94
2015-06-08,225.98
2015-06-09,229.19
2015-06-10,228.31
2015-06-11,228.88
2015-06-12,229.74
2015-06-13,230.58
2015-06-14,232.26
2015-06-15,234.46
2015-06-16,242.92
2015-06-17,250.32
2015-06-18,246.46
2015-06-19,246.27
2015-06-20,242.49
2015-06-21,243.16
2015-06-22,245.43
2015-06-23,244.36
2015-06-24,241.24
2015-06-25,241.38
2015-06-26,241.74
2015-06-27,247.41
2015-06-28,249.31
2015-06-29,253.79
2015-06-30,262.39
2015-07-01,257.78
2015-07-02,256.01
2015-07-03,254.68
2015-07-04,257.55
2015-07-05,266.32
2015-07-06,273.28
2015-07-07,266.85
2015-07-08,268.37
2015-07-09,269.23
2015-07-10,284.47
2015-07-11,292.54
2015-07-12,306.75
2015-07-13,291.52
2015-07-14,291.10
2015-07-15,290.14
2015-07-16,281.37
2015-07-17,276.71
2015-07-18,278.78
2015-07-19,276.09
2015-07-20,277.37
2015-07-21,279.06
2015-07-22,276.51
2015-07-23,277.13
2015-07-24,284.68
2015-07-25,289.10
2015-07-26,291.63
2015-07-27,291.92
2015-07-28,294.65
2015-07-29,290.69
2015-07-30,287.73
2015-07-31,284.15
2015-08-01,280.43
2015-08-02,279.43
2015-08-03,283.16
2015-08-04,283.71
2015-08-05,282.53
2015-08-06,278.76
2015-08-07,277.41
2015-08-08,270.44
2015-08-09,264.16
2015-08-10,264.26
2015-08-11,266.27
2015-08-12,268.12
2015-08-13,265.10
2015-08-14,264.80
2015-08-15,264.44
2015-08-16,257.50
2015-08-17,256.96
2015-08-18,247.31
2015-08-19,231.23
2015-08-20,233.43
2015-08-21,233.77
2015-08-22,229.15
2015-08-23,229.59
2015-08-24,217.32
2015-08-25,214.88
2015-08-26,226.38
2015-08-27,226.22
2015-08-28,228.90
2015-08-29,230.18
2015-08-30,228.14
2015-08-31,228.86
2015-09-01,228.21
2015-09-02,228.65
2015-09-03,227.70
2015-09-04,229.35
2015-09-05,233.43
2015-09-06,240.42
2015-09-07,240.46
2015-09-08,243.69
2015-09-09,239.95
2015-09-10,239.15
2015-09-11,239.69
2015-09-12,237.48
2015-09-13,231.29
2015-09-14,229.56
2015-09-15,229.88
2015-09-16,227.63
2015-09-17,230.79
2015-09-18,233.06
2015-09-19,231.65
2015-09-20,230.39
2015-09-21,227.04
2015-09-22,228.25
2015-09-23,230.09
2015-09-24,231.73
2015-09-25,235.19
2015-09-26,234.34
2015-09-27,232.56
2015-09-28,237.36
2015-09-29,237.63
2015-09-30,236.32
2015-10-01,237.12
2015-10-02,237.52
2015-10-03,238.30
2015-10-04,238.92
2015-10-05,238.24
2015-10-06,243.04
2015-10-07,245.02
2015-10-08,243.69
2015-10-09,243.50
2015-10-10,244.87
2015-10-11,247.19
2015-10-12,246.79
2015-10-13,246.34
2015-10-14,250.66
2015-10-15,254.78
2015-10-16,261.01
2015-10-17,268.55
2015-10-18,264.41
2015-10-19,262.30
2015-10-20,266.55
2015-10-21,268.65
2015-10-22,273.82
2015-10-23,277.42
2015-10-24,280.15
2015-10-25,289.30
2015-10-26,283.78
2015-10-27,293.04
2015-10-28,301.83
2015-10-29,310.64
2015-10-30,324.42
2015-10-31,318.12
2015-11-01,316.54
2015-11-02,347.89
2015-11-03,389.22
2015-11-04,445.45
2015-11-05,401.92
2015-11-06,373.37
2015-11-07,383.47
2015-11-08,381.12
2015-11-09,376.54
2015-11-10,356.96
2015-11-11,313.31
2015-11-12,326.59
2015-11-13,334.06
2015-11-14,335.44
2015-11-15,323.85
2015-11-16,324.60
2015-11-17,336.40
2015-11-18,334.50
2015-11-19,331.99
2015-11-20,318.91
2015-11-21,324.92
2015-11-22,323.07
2015-11-23,323.40
2015-11-24,320.82
2015-11-25,323.56
2015-11-26,349.41
2015-11-27,358.04
2015-11-28,354.66
2015-11-29,365.10
2015-11-30,376.24
2015-12-01,364.53
2015-12-02,355.66
2015-12-03,362.89
2015-12-04,360.08
2015-12-05,377.66
2015-12-06,392.01
2015-12-07,392.54
2015-12-08,398.71
2015-12-09,414.75
2015-12-10,415.26
2015-12-11,438.16
2015-12-12,432.50
2015-12-13,435.07
2015-12-14,441.38
2015-12-15,455.21
2015-12-16,454.61
2015-12-17,454.72
2015-12-18,459.76
2015-12-19,461.49
2015-12-20,446.88
2015-12-21,436.19
2015-12-22,437.42
2015-12-23,440.15
2015-12-24,453.59
2015-12-25,453.55
2015-12-26,426.91
2015-12-27,419.24
2015-12-28,423.79
2015-12-29,426.53
2015-12-30,429.65
2015-12-31,427.04
2016-01-01,433.09
2016-01-02,433.29
2016-01-03,428.60
2016-01-04,432.83
2016-01-05,432.05
2016-01-06,430.14
2016-01-07,447.71
2016-01-08,453.75
2016-01-09,449.71
2016-01-10,444.61
2016-01-11,445.40
2016-01-12,442.64
2016-01-13,429.87
2016-01-14,430.60
2016-01-15,395.33
2016-01-16,372.27
2016-01-17,382.81
2016-01-18,382.05
2016-01-19,381.88
2016-01-20,400.10
2016-01-21,412.83
2016-01-22,389.81
2016-01-23,388.05
2016-01-24,399.44
2016-01-25,394.12
2016-01-26,392.46
2016-01-27,394.34
2016-01-28,382.11
2016-01-29,375.41
2016-01-30,377.10
2016-01-31,374.39
2016-02-01,372.60
2016-02-02,373.07
2016-02-03,370.21
2016-02-04,382.16
2016-02-05,387.15
2016-02-06,376.46
2016-02-07,376.02
2016-02-08,374.40
2016-02-09,373.25
2016-02-10,379.04
2016-02-11,377.49
2016-02-12,381.12
2016-02-13,387.26
2016-02-14,398.35
2016-02-15,401.97
2016-02-16,403.61
2016-02-17,415.06
2016-02-18,420.37
2016-02-19,419.08
2016-02-20,433.03
2016-02-21,438.18
2016-02-22,436.77
2016-02-23,424.46
2016-02-24,419.44
2016-02-25,421.80
2016-02-26,423.97
2016-02-27,431.33
2016-02-28,429.45
2016-02-29,435.78
2016-03-01,432.18
2016-03-02,429.27
2016-03-03,420.16
2016-03-04,416.28
2016-03-05,398.05
2016-03-06,405.06
2016-03-07,410.17
2016-03-08,411.44
2016-03-09,411.41
2016-03-10,413.45
2016-03-11,419.36
2016-03-12,412.93
2016-03-13,413.01
2016-03-14,413.53
2016-03-15,415.50
2016-03-16,415.10
2016-03-17,418.11
2016-03-18,410.02
2016-03-19,406.92
2016-03-20,409.94
2016-03-21,409.26
2016-03-22,414.91
2016-03-23,416.38
2016-03-24,416.03
2016-03-25,415.16
2016-03-26,415.86
2016-03-27,423.72
2016-03-28,422.72
2016-03-29,415.43
2016-03-30,412.56
2016-03-31,414.92
2016-04-01,415.57
2016-04-02,418.37
2016-04-03,417.88
2016-04-04,418.17
2016-04-05,420.96
2016-04-06,421.57
2016-04-07,420.52
2016-04-08,420.66
2016-04-09,415.95
2016-04-10,419.64
2016-04-11,420.65
2016-04-12,424.47
2016-04-13,424.04
2016-04-14,423.77
2016-04-15,427.40
2016-04-16,429.95
2016-04-17,427.53
2016-04-18,427.45
2016-04-19,430.27
2016-04-20,438.61
2016-04-21,446.03
2016-04-22,447.44
2016-04-23,448.04
2016-04-24,457.95
2016-04-25,461.88
2016-04-26,465.49
2016-04-27,456.42
2016-04-28,444.67
2016-04-29,451.77
2016-04-30,451.12
2016-05-01,451.23
2016-05-02,443.85
2016-05-03,447.68
2016-05-04,447.23
2016-05-05,447.75
2016-05-06,454.60
2016-05-07,458.33
2016-05-08,457.44
2016-05-09,459.72
2016-05-10,453.89
2016-05-11,453.67
2016-05-12,451.96
2016-05-13,454.88
2016-05-14,455.85
2016-05-15,456.59
2016-05-16,455.51
2016-05-17,453.47
2016-05-18,454.07
2016-05-19,447.46
2016-05-20,441.08
2016-05-21,440.70
2016-05-22,439.29
2016-05-23,440.71
2016-05-24,444.77
2016-05-25,447.58
2016-05-26,450.03
2016-05-27,470.78
2016-05-28,493.97
2016-05-29,519.56
2016-05-30,526.05
2016-05-31,535.62
2016-06-01,534.89
2016-06-02,535.63
2016-06-03,558.84
2016-06-04,574.23
2016-06-05,573.16
2016-06-06,582.16
2016-06-07,579.96
2016-06-08,578.60
2016-06-09,576.51
2016-06-10,576.10
2016-06-11,589.64
2016-06-12,643.09
2016-06-13,691.45
2016-06-14,681.40
2016-06-15,684.31
2016-06-16,738.45
2016-06-17,738.93
2016-06-18,753.96
2016-06-19,754.72
2016-06-20,741.90
2016-06-21,673.33
2016-06-22,635.80
2016-06-23,587.53
2016-06-24,653.50
2016-06-25,665.31
2016-06-26,629.12
2016-06-27,638.75
2016-06-28,647.04
2016-06-29,631.82
2016-06-30,654.54
2016-07-01,674.54
2016-07-02,692.23
2016-07-03,670.19
2016-07-04,669.19
2016-07-05,672.26
2016-07-06,671.97
2016-07-07,635.20
2016-07-08,646.41
2016-07-09,646.38
2016-07-10,644.20
2016-07-11,649.01
2016-07-12,662.20
2016-07-13,660.59
2016-07-14,659.01
2016-07-15,663.98
2016-07-16,660.38
2016-07-17,674.99
2016-07-18,676.38
2016-07-19,671.16
2016-07-20,667.60
2016-07-21,663.69
2016-07-22,656.35
2016-07-23,652.41
2016-07-24,657.98
2016-07-25,655.47
2016-07-26,650.57
2016-07-27,653.69
2016-07-28,654.68
2016-07-29,654.50
2016-07-30,654.81
2016-07-31,633.57
2016-08-01,616.61
2016-08-02,547.47
2016-08-03,548.49
2016-08-04,570.54
2016-08-05,570.35
2016-08-06,576.45
2016-08-07,591.10
2016-08-08,589.88
2016-08-09,584.80
2016-08-10,592.94
2016-08-11,591.39
2016-08-12,586.19
2016-08-13,585.70
2016-08-14,571.00
2016-08-15,565.09
2016-08-16,571.95
2016-08-17,571.58
2016-08-18,572.56
2016-08-19,570.32
2016-08-20,575.67
2016-08-21,578.69
2016-08-22,580.06
2016-08-23,580.86
2016-08-24,578.91
2016-08-25,574.86
2016-08-26,577.81
2016-08-27,569.87
2016-08-28,570.51
2016-08-29,573.26
2016-08-30,574.26
2016-08-31,571.35
2016-09-01,570.01
2016-09-02,571.08
2016-09-03,583.21
2016-09-04,600.95
2016-09-05,601.09
2016-09-06,606.10
2016-09-07,610.74
2016-09-08,622.39
2016-09-09,620.61
2016-09-10,622.20
2016-09-11,607.14
2016-09-12,605.57
2016-09-13,606.79
2016-09-14,608.36
2016-09-15,606.20
2016-09-16,606.69
2016-09-17,604.01
2016-09-18,606.07
2016-09-19,607.37
2016-09-20,606.59
2016-09-21,594.92
2016-09-22,594.95
2016-09-23,597.40
2016-09-24,600.92
2016-09-25,598.92
2016-09-26,602.69
2016-09-27,604.15
2016-09-28,603.39
2016-09-29,603.77
2016-09-30,605.07
2016-10-01,611.47
2016-10-02,608.46
2016-10-03,610.12
2016-10-04,607.56
2016-10-05,609.45
2016-10-06,609.35
2016-10-07,611.89
2016-10-08,614.43
2016-10-09,613.07
2016-10-10,614.63
2016-10-11,630.64
2016-10-12,635.78
2016-10-13,634.47
2016-10-14,634.97
2016-10-15,638.78
2016-10-16,638.63
2016-10-17,635.72
2016-10-18,635.43
2016-10-19,631.38
2016-10-20,627.67
2016-10-21,629.39
2016-10-22,646.33
2016-10-23,651.56
2016-10-24,647.07
2016-10-25,652.13
2016-10-26,665.01
2016-10-27,679.82
2016-10-28,684.53
2016-10-29,703.66
2016-10-30,701.08
2016-10-31,697.36
2016-11-01,722.51
2016-11-02,725.25
2016-11-03,712.34
2016-11-04,696.89
2016-11-05,701.80
2016-11-06,706.88
2016-11-07,703.03
2016-11-08,706.76
2016-11-09,728.10
2016-11-10,714.61
2016-11-11,715.94
2016-11-12,707.17
2016-11-13,693.02
2016-11-14,700.74
2016-11-15,711.00
2016-11-16,728.86
2016-11-17,744.08
2016-11-18,744.66
2016-11-19,748.08
2016-11-20,732.24
2016-11-21,734.02
2016-11-22,741.88
2016-11-23,739.08
2016-11-24,734.55
2016-11-25,732.71
2016-11-26,728.11
2016-11-27,727.49
2016-11-28,729.20
2016-11-29,729.57
2016-11-30,737.33
2016-12-01,749.47
2016-12-02,766.70
2016-12-03,762.58
2016-12-04,758.91
2016-12-05,749.99
2016-12-06,755.27
2016-12-07,762.03
2016-12-08,768.16
2016-12-09,770.33
2016-12-10,772.55
2016-12-11,767.68
2016-12-12,775.18
2016-12-13,778.31
2016-12-14,776.73
2016-12-15,776.63
2016-12-16,778.66
2016-12-17,786.01
2016-12-18,787.21
2016-12-19,791.41
2016-12-20,793.38
2016-12-21,816.48
2016-12-22,855.94
2016-12-23,897.77
2016-12-24,900.20
2016-12-25,874.03
2016-12-26,898.97
2016-12-27,922.42
2016-12-28,955.98
2016-12-29,967.02
2016-12-30,951.07
2016-12-31,955.73
2017-01-01,987.47
2017-01-02,1013.00
2017-01-03,1020.56
2017-01-04,1088.45
2017-01-05,1005.35
2017-01-06,914.26
2017-01-07,863.89
2017-01-08,913.92
2017-01-09,892.60
2017-01-10,902.61
2017-01-11,820.75
2017-01-12,783.46
2017-01-13,808.51
2017-01-14,826.98
2017-01-15,816.59
2017-01-16,828.25
2017-01-17,878.62
2017-01-18,879.11
2017-01-19,895.00
2017-01-20,893.82
2017-01-21,916.08
2017-01-22,916.63
2017-01-23,920.25
2017-01-24,903.34
2017-01-25,893.11
2017-01-26,907.69
2017-01-27,917.86
2017-01-28,917.53
2017-01-29,915.29
2017-01-30,917.94
2017-01-31,949.19
2017-02-01,970.40
2017-02-02,994.32
2017-02-03,1009.32
2017-02-04,1022.99
2017-02-05,1015.96
2017-02-06,1021.23
2017-02-07,1043.50
2017-02-08,1045.63
2017-02-09,996.61
2017-02-10,977.66
2017-02-11,1008.19
2017-02-12,1002.34
2017-02-13,994.47
2017-02-14,1006.66
2017-02-15,1009.09
2017-02-16,1029.04
2017-02-17,1049.51
2017-02-18,1060.53
2017-02-19,1051.93
2017-02-20,1065.03
2017-02-21,1104.60
2017-02-22,1126.24
2017-02-23,1153.56
2017-02-24,1174.77
2017-02-25,1158.37
2017-02-26,1167.15
2017-02-27,1187.58
2017-02-28,1192.35
2017-03-01,1210.05
2017-03-02,1246.92
2017-03-03,1274.36
2017-03-04,1259.81
2017-03-05,1258.92
2017-03-06,1275.58
2017-03-07,1237.90
2017-03-08,1187.03
2017-03-09,1178.33
2017-03-10,1160.23
2017-03-11,1160.95
2017-03-12,1208.74
2017-03-13,1235.25
2017-03-14,1245.58
2017-03-15,1251.96
2017-03-16,1197.99
2017-03-17,1120.12
2017-03-18,1011.89
2017-03-19,1010.79
2017-03-20,1035.58
2017-03-21,1084.72
2017-03-22,1037.17
2017-03-23,1036.78
2017-03-24,976.65
2017-03-25,923.17
2017-03-26,970.09
2017-03-27,1007.68
2017-03-28,1046.40
2017-03-29,1031.58
2017-03-30,1031.69
2017-03-31,1054.11
2017-04-01,1078.36
2017-04-02,1083.09
2017-04-03,1127.36
2017-04-04,1141.62
2017-04-05,1127.15
2017-04-06,1170.38
2017-04-07,1190.16
2017-04-08,1185.04
2017-04-09,1196.69
2017-04-10,1207.78
2017-04-11,1212.77
2017-04-12,1215.72
2017-04-13,1178.76
2017-04-14,1166.19
2017-04-15,1179.34
2017-04-16,1161.70
2017-04-17,1179.80
2017-04-18,1203.58
2017-04-19,1198.69
2017-04-20,1222.57
2017-04-21,1241.65
2017-04-22,1228.52
2017-04-23,1236.21
2017-04-24,1242.67
2017-04-25,1266.96
2017-04-26,1293.83
2017-04-27,1320.85
2017-04-28,1321.61
2017-04-29,1330.66
2017-04-30,1334.38
2017-05-01,1385.70
2017-05-02,1438.93
2017-05-03,1478.69
2017-05-04,1540.55
2017-05-05,1554.61
2017-05-06,1541.43
2017-05-07,1540.16
2017-05-08,1591.30
2017-05-09,1710.02
2017-05-10,1748.50
2017-05-11,1831.54
2017-05-12,1749.79
2017-05-13,1689.79
2017-05-14,1782.44
2017-05-15,1723.51
2017-05-16,1706.85
2017-05-17,1775.47
2017-05-18,1826.61
2017-05-19,1927.05
2017-05-20,1969.83
2017-05-21,2020.04
2017-05-22,2113.72
2017-05-23,2202.42
2017-05-24,2383.53
2017-05-25,2518.72
2017-05-26,2346.41
2017-05-27,2064.12
2017-05-28,2188.92
2017-05-29,2257.02
2017-05-30,2263.30
2017-05-31,2264.38
2017-06-01,2390.57
2017-06-02,2428.74
2017-06-03,2524.85
2017-06-04,2521.73
2017-06-05,2611.74
2017-06-06,2818.78
2017-06-07,2782.18
2017-06-08,2749.14
2017-06-09,2824.82
2017-06-10,2859.77
2017-06-11,2911.89
2017-06-12,2720.77
2017-06-13,2716.76
2017-06-14,2582.02
2017-06-15,2311.58
2017-06-16,2451.15
2017-06-17,2563.93
2017-06-18,2549.14
2017-06-19,2555.36
2017-06-20,2676.75
2017-06-21,2698.65
2017-06-22,2682.89
2017-06-23,2714.62
2017-06-24,2619.00
2017-06-25,2538.78
2017-06-26,2448.42
2017-06-27,2392.87
2017-06-28,2534.19
2017-06-29,2556.32
2017-06-30,2518.28
2017-07-01,2447.76
2017-07-02,2445.67
2017-07-03,2535.76
2017-07-04,2598.38
2017-07-05,2568.30
2017-07-06,2583.35
2017-07-07,2531.18
2017-07-08,2512.90
2017-07-09,2534.48
2017-07-10,2408.07
2017-07-11,2340.37
2017-07-12,2348.44
2017-07-13,2367.53
2017-07-14,2237.63
2017-07-15,2058.01
2017-07-16,1917.27
2017-07-17,2081.68
2017-07-18,2288.64
2017-07-19,2307.39
2017-07-20,2594.03
2017-07-21,2724.18
2017-07-22,2792.99
2017-07-23,2755.03
2017-07-24,2755.74
2017-07-25,2584.61
2017-07-26,2489.12
2017-07-27,2576.50
2017-07-28,2748.91
2017-07-29,2704.43
2017-07-30,2670.85
2017-07-31,2769.15
2017-08-01,2740.33
2017-08-02,2709.19
2017-08-03,2754.79
2017-08-04,2835.33
2017-08-05,3169.04
2017-08-06,3236.12
2017-08-07,3339.32
2017-08-08,3413.55
2017-08-09,3314.69
2017-08-10,3394.75
2017-08-11,3511.92
2017-08-12,3789.13
2017-08-13,4007.10
2017-08-14,4210.15
2017-08-15,4101.45
2017-08-16,4193.43
2017-08-17,4338.69
2017-08-18,4180.17
2017-08-19,4030.60
2017-08-20,4054.14
2017-08-21,4007.74
2017-08-22,3894.12
2017-08-23,4146.85
2017-08-24,4189.50
2017-08-25,4358.33
2017-08-26,4303.25
2017-08-27,4338.63
2017-08-28,4290.85
2017-08-29,4502.76
2017-08-30,4564.26
2017-08-31,4682.33
2017-09-01,4808.17
2017-09-02,4682.16
2017-09-03,4553.45
2017-09-04,4299.82
2017-09-05,4234.99
2017-09-06,4527.25
2017-09-07,4585.20
2017-09-08,4371.25
2017-09-09,4279.90
2017-09-10,4145.59
2017-09-11,4212.89
2017-09-12,4232.45
2017-09-13,3897.81
2017-09-14,3535.91
2017-09-15,3370.47
2017-09-16,3666.34
2017-09-17,3624.21
2017-09-18,3951.07
2017-09-19,3953.45
2017-09-20,3931.92
2017-09-21,3742.81
2017-09-22,3616.21
2017-09-23,3715.13
2017-09-24,3688.85
2017-09-25,3847.35
2017-09-26,3916.37
2017-09-27,4063.17
2017-09-28,4187.55
2017-09-29,4128.66
2017-09-30,4278.30
2017-10-01,4281.00
2017-10-02,4394.01
2017-10-03,4295.10
2017-10-04,4233.86
2017-10-05,4265.13
2017-10-06,4363.30
2017-10-07,4373.29
2017-10-08,4511.21
2017-10-09,4679.26
2017-10-10,4807.87
2017-10-11,4789.38
2017-10-12,5149.57
2017-10-13,5600.53
2017-10-14,5680.62
2017-10-15,5584.71
2017-10-16,5681.03
2017-10-17,5605.05
2017-10-18,5361.20
2017-10-19,5654.06
2017-10-20,5891.45
2017-10-21,6050.01
2017-10-22,5877.68
2017-10-23,5839.56
2017-10-24,5643.65
2017-10-25,5536.47
2017-10-26,5860.00
2017-10-27,5797.46
2017-10-28,5736.04
2017-10-29,5990.19
2017-10-30,6124.20
2017-10-31,6284.18
2017-11-01,6546.62
2017-11-02,6976.49
2017-11-03,7252.44
2017-11-04,7253.20
2017-11-05,7445.08
2017-11-06,7169.77
2017-11-07,7102.55
2017-11-08,7435.31
2017-11-09,7229.10
2017-11-10,6811.55
2017-11-11,6478.10
2017-11-12,6044.87
2017-11-13,6395.47
2017-11-14,6586.15
2017-11-15,7064.13
2017-11-16,7562.03
2017-11-17,7797.30
2017-11-18,7679.33
2017-11-19,7863.96
2017-11-20,8113.74
2017-11-21,8096.38
2017-11-22,8196.45
2017-11-23,8147.26
2017-11-24,8154.14
2017-11-25,8407.83
2017-11-26,9027.86
2017-11-27,9527.86
2017-11-28,9852.65
2017-11-29,10377.66
2017-11-30,9715.31
2017-12-01,10287.37
2017-12-02,10927.84
2017-12-03,11249.50
2017-12-04,11314.70
2017-12-05,11652.18
2017-12-06,12664.26
2017-12-07,14840.19
2017-12-08,15285.20
2017-12-09,14402.98
2017-12-10,14233.61
2017-12-11,16293.32
2017-12-12,16854.87
2017-12-13,16434.93
2017-12-14,16351.30
2017-12-15,17335.00
2017-12-16,18430.69
2017-12-17,19110.24
2017-12-18,18634.42
2017-12-19,17986.05
2017-12-20,16724.84
2017-12-21,16033.61
2017-12-22,13441.46
2017-12-23,14785.39
2017-12-24,13525.02
2017-12-25,13951.90
2017-12-26,15342.51
2017-12-27,15460.55
2017-12-28,14158.69
2017-12-29,14492.22
2017-12-30,13148.96
2017-12-31,13342.58
2018-01-01,13373.48
2018-01-02,14057.88
2018-01-03,14960.44
2018-01-04,14806.72
2018-01-05,15982.35
2018-01-06,16670.80
2018-01-07,16397.33
2018-01-08,15103.89
2018-01-09,14703.62
2018-01-10,14135.53
2018-01-11,13593.74
2018-01-12,13652.81
2018-01-13,14233.65
2018-01-14,13544.44
2018-01-15,13875.59
2018-01-16,11800.13
2018-01-17,10474.08
2018-01-18,11537.72
2018-01-19,11499.77
2018-01-20,12486.57
2018-01-21,11826.96
2018-01-22,10899.45
2018-01-23,10687.97
2018-01-24,11061.00
2018-01-25,11301.56
2018-01-26,10880.53
2018-01-27,11287.97
2018-01-28,11704.54
2018-01-29,11284.76
2018-01-30,10395.94
2018-01-31,9944.16
2018-02-01,9222.28
2018-02-02,8409.31
2018-02-03,8928.31
2018-02-04,8477.23
2018-02-05,7352.34
2018-02-06,6870.00
2018-02-07,7986.14
2018-02-08,8228.03
2018-02-09,8254.92
2018-02-10,8662.42
2018-02-11,8145.40
2018-02-12,8662.80
2018-02-13,8588.47
2018-02-14,9092.78
2018-02-15,9831.31
2018-02-16,10023.95
2018-02-17,10703.13
2018-02-18,10708.96
2018-02-19,10924.92
2018-02-20,11470.15
2018-02-21,10789.44
2018-02-22,10198.18
2018-02-23,10021.35
2018-02-24,9862.46
2018-02-25,9546.58
2018-02-26,10045.70
2018-02-27,10576.64
2018-02-28,10624.38
2018-03-01,10727.27
2018-03-02,10980.30
2018-03-03,11332.93
2018-03-04,11279.98
2018-03-05,11540.35
2018-03-06,10961.27
2018-03-07,10112.37
2018-03-08,9651.27
2018-03-09,8860.15
2018-03-10,9168.21
2018-03-11,9127.44
2018-03-12,9338.34
2018-03-13,9153.00
2018-03-14,8598.49
2018-03-15,8082.12
2018-03-16,8317.01
2018-03-17,8075.09
2018-03-18,7689.81
2018-03-19,8375.31
2018-03-20,8658.32
2018-03-21,8974.03
2018-03-22,8732.68
2018-03-23,8518.99
2018-03-24,8817.49
2018-03-25,8520.53
2018-03-26,8209.07
2018-03-27,7952.07
2018-03-28,7927.59
2018-03-29,7406.91
2018-03-30,6857.28
2018-03-31,7023.23
2018-04-01,6711.19
2018-04-02,6984.65
2018-04-03,7335.19
2018-04-04,7031.67
2018-04-05,6747.86
2018-04-06,6639.74
2018-04-07,6896.34
2018-04-08,7003.12
2018-04-09,6839.42
2018-04-10,6786.64
2018-04-11,6894.96
2018-04-12,7548.02
2018-04-13,8031.32
2018-04-14,8022.03
2018-04-15,8255.42
2018-04-16,8097.65
2018-04-17,8026.39
2018-04-18,8076.69
2018-04-19,8210.26
2018-04-20,8485.12
2018-04-21,8799.39
2018-04-22,8889.90
2018-04-23,8890.30
2018-04-24,9320.97
2018-04-25,9178.50
2018-04-26,8881.37
2018-04-27,9199.12
2018-04-28,9238.00
2018-04-29,9354.93
2018-04-30,9272.98
2018-05-01,8982.20
2018-05-02,9110.40
2018-05-03,9420.41
2018-05-04,9652.80
2018-05-05,9827.54
2018-05-06,9582.40
2018-05-07,9327.80
2018-05-08,9232.13
2018-05-09,9174.72
2018-05-10,9234.64
2018-05-11,8697.05
2018-05-12,8409.41
2018-05-13,8569.27
2018-05-14,8595.89
2018-05-15,8637.63
2018-05-16,8268.96
2018-05-17,8258.85
2018-05-18,8089.66
2018-05-19,8256.69
2018-05-20,8374.32
2018-05-21,8451.22
2018-05-22,8189.41
2018-05-23,7720.04
2018-05-24,7510.63
2018-05-25,7468.86
2018-05-26,7474.89
2018-05-27,7312.88
2018-05-28,7237.97
2018-05-29,7313.56
2018-05-30,7433.68
2018-05-31,7513.86
2018-06-01,7480.52
2018-06-02,7595.74
2018-06-03,7691.81
2018-06-04,7563.67
2018-06-05,7494.37
2018-06-06,7605.20
2018-06-07,7695.61
2018-06-08,7617.32
2018-06-09,7598.01
2018-06-10,6965.70
2018-06-11,6754.94
2018-06-12,6694.12
2018-06-13,6398.31
2018-06-14,6493.93
2018-06-15,6545.67
2018-06-16,6460.21
2018-06-17,6509.02
2018-06-18,6551.33
2018-06-19,6731.63
2018-06-20,6679.72
2018-06-21,6731.91
2018-06-22,6283.20
2018-06-23,6137.49
2018-06-24,5987.55
2018-06-25,6204.81
2018-06-26,6186.03
2018-06-27,6091.41
2018-06-28,6020.60
2018-06-29,5936.40
2018-06-30,6370.48
2018-07-01,6349.23
2018-07-02,6495.22
2018-07-03,6583.67
2018-07-04,6576.17
2018-07-05,6581.19
2018-07-06,6543.92
2018-07-07,6615.83
2018-07-08,6738.25
2018-07-09,6707.19
2018-07-10,6447.61
2018-07-11,6345.67
2018-07-12,6193.68
2018-07-13,6234.57
2018-07-14,6241.02
2018-07-15,6335.76
2018-07-16,6569.16
2018-07-17,7040.98
2018-07-18,7421.38
2018-07-19,7405.17
2018-07-20,7433.61
2018-07-21,7323.07
2018-07-22,7451.05
2018-07-23,7681.18
2018-07-24,8088.27
2018-07-25,8240.26
2018-07-26,8138.78
2018-07-27,8016.59
2018-07-28,8171.91
2018-07-29,8207.49
2018-07-30,8104.71
2018-07-31,7843.88
2018-08-01,7563.55
2018-08-02,7587.15
2018-08-03,7396.34
2018-08-04,7146.42
2018-08-05,6985.65
2018-08-06,6954.98
2018-08-07,6931.96
2018-08-08,6419.72
2018-08-09,6386.56
2018-08-10,6320.85
2018-08-11,6215.55
2018-08-12,6308.12
2018-08-13,6339.17
2018-08-14,6044.38
2018-08-15,6405.88
2018-08-16,6345.80
2018-08-17,6474.70
2018-08-18,6437.24
2018-08-19,6418.13
2018-08-20,6400.62
2018-08-21,6404.10
2018-08-22,6539.19
2018-08-23,6435.08
2018-08-24,6562.88
2018-08-25,6711.48
2018-08-26,6659.68
2018-08-27,6739.23
2018-08-28,7001.25
2018-08-29,7034.46
2018-08-30,6908.86
2018-08-31,6981.28
2018-09-01,7159.88
2018-09-02,7246.63
2018-09-03,7259.13
2018-09-04,7331.77
2018-09-05,7020.37
2018-09-06,6413.68
2018-09-07,6433.48
2018-09-08,6281.01
2018-09-09,6287.73
2018-09-10,6284.41
2018-09-11,6284.68
2018-09-12,6267.80
2018-09-13,6460.09
2018-09-14,6492.12
2018-09-15,6518.94
2018-09-16,6456.39
2018-09-17,6323.18
2018-09-18,6305.51
2018-09-19,6329.13
2018-09-20,6414.75
2018-09-21,6672.39
2018-09-22,6699.87
2018-09-23,6709.32
2018-09-24,6624.17
2018-09-25,6414.09
2018-09-26,6470.39
2018-09-27,6562.32
2018-09-28,6660.42
2018-09-29,6542.94
2018-09-30,6575.37
2018-10-01,6559.22
2018-10-02,6526.60
2018-10-03,6442.33
2018-10-04,6550.34
2018-10-05,6553.86
2018-10-06,6552.48
2018-10-07,6553.64
2018-10-08,6593.88
2018-10-09,6585.04
2018-10-10,6491.35
2018-10-11,6202.67
2018-10-12,6194.43
2018-10-13,6194.55
2018-10-14,6234.79
2018-10-15,6457.26
2018-10-16,6439.46
2018-10-17,6436.28
2018-10-18,6418.65
2018-10-19,6383.70
2018-10-20,6398.06
2018-10-21,6433.42
2018-10-22,6402.69
2018-10-23,6393.71
2018-10-24,6430.02
2018-10-25,6397.53
2018-10-26,6409.24
2018-10-27,6404.83
2018-10-28,6402.36
2018-10-29,6298.49
2018-10-30,6263.01
2018-10-31,6280.45
2018-11-01,6316.09
2018-11-02,6352.34
2018-11-03,6331.72
2018-11-04,6401.56
2018-11-05,6403.25
2018-11-06,6420.56
2018-11-07,6508.88
2018-11-08,6445.85
2018-11-09,6362.78
2018-11-10,6352.37
2018-11-11,6316.95
2018-11-12,6346.66
2018-11-13,6287.62
2018-11-14,5731.55
2018-11-15,5458.39
2018-11-16,5530.61
2018-11-17,5485.91
2018-11-18,5546.61
2018-11-19,5090.81
2018-11-20,4458.86
2018-11-21,4450.47
2018-11-22,4433.58
2018-11-23,4232.14
2018-11-24,3973.03
2018-11-25,3771.21
2018-11-26,3808.73
2018-11-27,3700.80
2018-11-28,4101.07
2018-11-29,4235.61
2018-11-30,4038.47
2018-12-01,4097.44
2018-12-02,4124.42
2018-12-03,3902.31
2018-12-04,3903.66
2018-12-05,3780.93
2018-12-06,3655.97
2018-12-07,3352.78
2018-12-08,3382.49
2018-12-09,3494.49
2018-12-10,3446.87
2018-12-11,3357.52
2018-12-12,3410.03
2018-12-13,3342.65
2018-12-14,3219.20
2018-12-15,3171.72
2018-12-16,3221.03
2018-12-17,3392.78
2018-12-18,3516.22
2018-12-19,3765.36
2018-12-20,3977.66
2018-12-21,3962.55
2018-12-22,3862.80
2018-12-23,3976.69
2018-12-24,4131.30
2018-12-25,3781.13
2018-12-26,3775.30
2018-12-27,3702.04
2018-12-28,3744.80
2018-12-29,3867.62
2018-12-30,3786.53
2018-12-31,3751.33
2019-01-01,3710.86
2019-01-02,3831.28
2019-01-03,3817.99
2019-01-04,3786.88
2019-01-05,3834.64
2019-01-06,3967.56
2019-01-07,4018.23
2019-01-08,4017.08
2019-01-09,4008.12
2019-01-10,3759.97
2019-01-11,3634.84
2019-01-12,3622.41
2019-01-13,3543.08
2019-01-14,3611.47
2019-01-15,3628.02
2019-01-16,3604.31
2019-01-17,3602.21
2019-01-18,3611.73
2019-01-19,3698.32
2019-01-20,3573.67
2019-01-21,3536.07
2019-01-22,3548.16
2019-01-23,3564.58
2019-01-24,3554.68
2019-01-25,3550.65
2019-01-26,3584.58
2019-01-27,3536.80
2019-01-28,3433.46
2019-01-29,3391.46
2019-01-30,3428.51
2019-01-31,3420.65
2019-02-01,3413.84
2019-02-02,3436.94
2019-02-03,3420.91
2019-02-04,3413.62
2019-02-05,3421.04
2019-02-06,3372.72
2019-02-07,3365.06
2019-02-08,3492.21
2019-02-09,3615.54
2019-02-10,3608.71
2019-02-11,3596.54
2019-02-12,3577.87
2019-02-13,3579.91
2019-02-14,3567.18
2019-02-15,3572.31
2019-02-16,3587.57
2019-02-17,3593.30
2019-02-18,3769.14
2019-02-19,3904.98
2019-02-20,3913.17
2019-02-21,3907.24
2019-02-22,3924.86
2019-02-23,4020.51
2019-02-24,3902.12
2019-02-25,3796.52
2019-02-26,3796.00
2019-02-27,3776.07
2019-02-28,3815.53
2019-03-01,3816.28
2019-03-02,3802.06
2019-03-03,3797.08
2019-03-04,3716.23
2019-03-05,3776.86
2019-03-06,3842.20
2019-03-07,3861.67
2019-03-08,3866.83
2019-03-09,3898.87
2019-03-10,3890.47
2019-03-11,3858.85
2019-03-12,3845.61
2019-03-13,3851.98
2019-03-14,3848.26
2019-03-15,3879.65
2019-03-16,3983.75
2019-03-17,3961.80
2019-03-18,3967.69
2019-03-19,3978.15
2019-03-20,3997.62
2019-03-21,4000.56
2019-03-22,3981.23
2019-03-23,3981.14
2019-03-24,3966.35
2019-03-25,3932.87
2019-03-26,3907.02
2019-03-27,3998.28
2019-03-28,4008.81
2019-03-29,4063.65
2019-03-30,4085.67
2019-03-31,4088.43
2019-04-01,4121.01
2019-04-02,4718.27
2019-04-03,5062.39
2019-04-04,4959.14
2019-04-05,4984.54
2019-04-06,5076.41
2019-04-07,5139.44
2019-04-08,5238.79
2019-04-09,5215.00
2019-04-10,5290.40
2019-04-11,5119.16
2019-04-12,5040.49
2019-04-13,5087.15
2019-04-14,5084.27
2019-04-15,5103.97
2019-04-16,5114.01
2019-04-17,5219.08
2019-04-18,5266.93
2019-04-19,5257.21
2019-04-20,5314.07
2019-04-21,5274.62
2019-04-22,5332.19
2019-04-23,5540.16
2019-04-24,5481.51
2019-04-25,5328.63
2019-04-26,5156.06
2019-04-27,5161.64
2019-04-28,5164.05
2019-04-29,5148.79
2019-04-30,5211.32
2019-05-01,5304.31
2019-05-02,5368.22
2019-05-03,5646.26
2019-05-04,5696.01
2019-05-05,5719.19
2019-05-06,5654.10
2019-05-07,5861.66
2019-05-08,5841.33
2019-05-09,6038.50
2019-05-10,6293.94
2019-05-11,6901.48
2019-05-12,7184.89
2019-05-13,7609.04
2019-05-14,7999.45
2019-05-15,8057.25
2019-05-16,7996.02
2019-05-17,7162.77
2019-05-18,7331.18
2019-05-19,7946.82
2019-05-20,7902.65
2019-05-21,7941.10
2019-05-22,7841.85
2019-05-23,7714.60
2019-05-24,8015.38
2019-05-25,8054.01
2019-05-26,8427.91
2019-05-27,8790.45
2019-05-28,8709.97
2019-05-29,8624.67
2019-05-30,8578.33
2019-05-31,8336.08
2019-06-01,8543.44
2019-06-02,8702.48
2019-06-03,8446.91
2019-06-04,7812.19
2019-06-05,7766.60
2019-06-06,7694.39
2019-06-07,7952.12
2019-06-08,7912.87
2019-06-09,7731.79
2019-06-10,7845.60
2019-06-11,7876.65
2019-06-12,8058.01
2019-06-13,8182.69
2019-06-14,8404.86
2019-06-15,8745.03
2019-06-16,9118.48
2019-06-17,9251.28
2019-06-18,9126.54
2019-06-19,9152.09
2019-06-20,9382.68
2019-06-21,9821.49
2019-06-22,10713.52
2019-06-23,10812.57
2019-06-24,10842.91
2019-06-25,11330.98
2019-06-26,12723.69
2019-06-27,11550.41
2019-06-28,11656.13
2019-06-29,11812.26
2019-06-30,11302.40
2019-07-01,10612.24
2019-07-02,10185.60
2019-07-03,11366.03
2019-07-04,11711.52
2019-07-05,11115.99
2019-07-06,11413.57
2019-07-07,11349.81
2019-07-08,11944.58
2019-07-09,12493.68
2019-07-10,12520.51
2019-07-11,11517.19
2019-07-12,11549.12
2019-07-13,11281.40
2019-07-14,10631.74
2019-07-15,10372.17
2019-07-16,9979.13
2019-07-17,9526.33
2019-07-18,10097.82
2019-07-19,10434.42
2019-07-20,10714.25
2019-07-21,10573.84
2019-07-22,10366.98
2019-07-23,10028.67
2019-07-24,9711.27
2019-07-25,10008.69
2019-07-26,9774.15
2019-07-27,9609.39
2019-07-28,9428.83
2019-07-29,9531.14
2019-07-30,9566.31
2019-07-31,9876.87
2019-08-01,10119.21
2019-08-02,10485.95
2019-08-03,10783.36
2019-08-04,10842.51
2019-08-05,11665.61
2019-08-06,11786.89
2019-08-07,11767.59
2019-08-08,11794.74
2019-08-09,11815.16
2019-08-10,11533.09
2019-08-11,11371.69
2019-08-12,11371.11
2019-08-13,11043.40
2019-08-14,10376.15
2019-08-15,9941.88
2019-08-16,10145.43
2019-08-17,10226.63
2019-08-18,10319.70
2019-08-19,10681.37
2019-08-20,10751.62
2019-08-21,10161.93
2019-08-22,10005.76
2019-08-23,10293.72
2019-08-24,10096.89
2019-08-25,10100.90
2019-08-26,10385.26
2019-08-27,10160.88
2019-08-28,9904.11
2019-08-29,9484.21
2019-08-30,9543.53
2019-08-31,9584.65
2019-09-01,9661.82
2019-09-02,10127.59
2019-09-03,10567.34
2019-09-04,10566.02
2019-09-05,10559.13
2019-09-06,10633.59
2019-09-07,10465.63
2019-09-08,10413.12
2019-09-09,10300.92
2019-09-10,10121.19
2019-09-11,10058.97
2019-09-12,10253.43
2019-09-13,10300.29
2019-09-14,10356.65
2019-09-15,10305.23
2019-09-16,10226.08
2019-09-17,10206.76
2019-09-18,10186.15
2019-09-19,9969.30
2019-09-20,10158.33
2019-09-21,10013.83
2019-09-22,9975.20
2019-09-23,9823.10
2019-09-24,8832.30
2019-09-25,8437.21
2019-09-26,8127.35
2019-09-27,8033.83
2019-09-28,8165.17
2019-09-29,8053.23
2019-09-30,8067.52
2019-10-01,8383.52
2019-10-02,8253.24
2019-10-03,8205.53
2019-10-04,8148.30
2019-10-05,8102.74
2019-10-06,7950.33
2019-10-07,8072.50
2019-10-08,8207.64
2019-10-09,8451.69
2019-10-10,8554.79
2019-10-11,8438.48
2019-10-12,8336.67
2019-10-13,8342.04
2019-10-14,8314.01
2019-10-15,8255.73
2019-10-16,8018.69
2019-10-17,8055.40
2019-10-18,7930.90
2019-10-19,7961.98
2019-10-20,8086.62
2019-10-21,8224.23
2019-10-22,8183.62
2019-10-23,7575.54
2019-10-24,7445.90
2019-10-25,8218.10
2019-10-26,9404.24
2019-10-27,9503.97
2019-10-28,9504.40
2019-10-29,9383.08
2019-10-30,9161.41
2019-10-31,9175.46
2019-11-01,9160.70
2019-11-02,9283.17
2019-11-03,9180.60
2019-11-04,9339.82
2019-11-05,9327.94
2019-11-06,9339.40
2019-11-07,9218.67
2019-11-08,8904.23
2019-11-09,8809.84
2019-11-10,8974.22
2019-11-11,8746.11
2019-11-12,8719.64
2019-11-13,8750.49
2019-11-14,8638.06
2019-11-15,8553.77
2019-11-16,8474.40
2019-11-17,8518.88
2019-11-18,8307.32
2019-11-19,8097.95
2019-11-20,8099.38
2019-11-21,7726.06
2019-11-22,7201.01
2019-11-23,7225.77
2019-11-24,7096.81
2019-11-25,6911.86
2019-11-26,7138.58
2019-11-27,7280.41
2019-11-28,7521.46
2019-11-29,7651.58
2019-11-30,7632.99
2019-12-01,7360.08
2019-12-02,7289.27
2019-12-03,7320.66
2019-12-04,7351.53
2019-12-05,7347.27
2019-12-06,7441.36
2019-12-07,7546.71
2019-12-08,7497.10
2019-12-09,7441.72
2019-12-10,7283.65
2019-12-11,7205.71
2019-12-12,7182.09
2019-12-13,7227.94
2019-12-14,7123.15
2019-12-15,7103.31
2019-12-16,6981.82
2019-12-17,6738.93
2019-12-18,6828.51
2019-12-19,7134.81
2019-12-20,7153.60
2019-12-21,7141.80
2019-12-22,7355.69
2019-12-23,7490.35
2019-12-24,7304.02
2019-12-25,7194.67
2019-12-26,7260.00
2019-12-27,7177.12
2019-12-28,7297.92
2019-12-29,7399.88
2019-12-30,7281.12
2019-12-31,7194.68
2020-01-01,7195.25
2020-01-02,7030.21
2020-01-03,7230.19
2020-01-04,7315.74
2020-01-05,7427.57
2020-01-06,7601.99
2020-01-07,7925.50
2020-01-08,8220.23
2020-01-09,7892.62
2020-01-10,7943.12
2020-01-11,8122.28
2020-01-12,8108.51
2020-01-13,8100.38
2020-01-14,8596.71
2020-01-15,8760.58
2020-01-16,8658.76
2020-01-17,8886.12
2020-01-18,8896.74
2020-01-19,8782.25
2020-01-20,8636.81
2020-01-21,8635.80
2020-01-22,8660.47
2020-01-23,8408.86
2020-01-24,8373.96
2020-01-25,8328.47
2020-01-26,8430.38
2020-01-27,8776.78
2020-01-28,9092.39
2020-01-29,9335.47
2020-01-30,9396.43
2020-01-31,9338.40
2020-02-01,9375.25
2020-02-02,9342.91
2020-02-03,9361.16
2020-02-04,9198.96
2020-02-05,9488.22
2020-02-06,9715.30
2020-02-07,9785.65
2020-02-08,9809.29
2020-02-09,10065.45
2020-02-10,9914.90
2020-02-11,10067.10
2020-02-12,10345.10
2020-02-13,10267.14
2020-02-14,10252.33
2020-02-15,10053.09
2020-02-16,9865.45
2020-02-17,9682.21
2020-02-18,9942.29
2020-02-19,9941.31
2020-02-20,9572.30
2020-02-21,9693.18
2020-02-22,9660.10
2020-02-23,9890.42
2020-02-24,9719.81
2020-02-25,9456.14
2020-02-26,8977.86
2020-02-27,8789.72
2020-02-28,8644.01
2020-02-29,8676.67
2020-03-01,8543.40
2020-03-02,8785.29
2020-03-03,8782.76
2020-03-04,8750.23
2020-03-05,9035.27
2020-03-06,9100.29
2020-03-07,9044.36
2020-03-08,8395.24
2020-03-09,7872.52
2020-03-10,7945.27
2020-03-11,7800.67
2020-03-12,6156.04
2020-03-13,5223.61
2020-03-14,5391.64
2020-03-15,5410.25
2020-03-16,4876.58
2020-03-17,5316.57
2020-03-18,5255.11
2020-03-19,5901.19
2020-03-20,6430.30
2020-03-21,6152.88
2020-03-22,6034.54
2020-03-23,6213.20
2020-03-24,6662.41
2020-03-25,6681.34
2020-03-26,6667.07
2020-03-27,6647.55
2020-03-28,6212.38
2020-03-29,6047.26
2020-03-30,6316.75
2020-03-31,6447.10
2020-04-01,6357.38
2020-04-02,6820.40
2020-04-03,6845.59
2020-04-04,6806.08
2020-04-05,6788.54
2020-04-06,7119.91
2020-04-07,7301.01
2020-04-08,7306.21
2020-04-09,7295.59
2020-04-10,6937.22
2020-04-11,6864.63
2020-04-12,7029.20
2020-04-13,6742.37
2020-04-14,6880.37
2020-04-15,6771.95
2020-04-16,6962.85
2020-04-17,7071.35
2020-04-18,7173.52
2020-04-19,7161.44
2020-04-20,6984.84
2020-04-21,6859.59
2020-04-22,7053.52
2020-04-23,7400.38
2020-04-24,7527.04
2020-04-25,7561.89
2020-04-26,7612.96
2020-04-27,7715.58
2020-04-28,7719.40
2020-04-29,8329.35
2020-04-30,8926.15
2020-05-01,8809.26
2020-05-02,8901.79
2020-05-03,8995.58
2020-05-04,8770.27
2020-05-05,8931.91
2020-05-06,9208.37
2020-05-07,9647.56
2020-05-08,9916.50
2020-05-09,9709.18
2020-05-10,8681.17
2020-05-11,8681.44
2020-05-12,8787.73
2020-05-13,9094.42
2020-05-14,9660.55
2020-05-15,9492.56
2020-05-16,9412.50
2020-05-17,9703.04
2020-05-18,9733.22
2020-05-19,9679.52
2020-05-20,9578.07
2020-05-21,9166.02
2020-05-22,9129.29
2020-05-23,9192.77
2020-05-24,9010.11
2020-05-25,8800.19
2020-05-26,8846.96
2020-05-27,9092.43
2020-05-28,9388.84
2020-05-29,9453.95
2020-05-30,9541.11
2020-05-31,9533.92
2020-06-01,9867.07
2020-06-02,9803.35
2020-06-03,9549.66
2020-06-04,9711.24
2020-06-05,9724.06
2020-06-06,9622.35
2020-06-07,9591.71
2020-06-08,9726.90
2020-06-09,9721.04
2020-06-10,9821.86
2020-06-11,9523.83
2020-06-12,9411.26
2020-06-13,9427.78
2020-06-14,9369.91
2020-06-15,9187.52
2020-06-16,9492.01
2020-06-17,9425.72
2020-06-18,9395.43
2020-06-19,9320.27
2020-06-20,9301.84
2020-06-21,9344.39
2020-06-22,9534.71
2020-06-23,9640.02
2020-06-24,9383.59
2020-06-25,9194.93
2020-06-26,9149.53
2020-06-27,9019.37
2020-06-28,9077.66
2020-06-29,9105.28
2020-06-30,9140.24
2020-07-01,9207.73
2020-07-02,9106.89
2020-07-03,9089.96
2020-07-04,9104.33
2020-07-05,9049.18
2020-07-06,9243.81
2020-07-07,9262.60
2020-07-08,9348.88
2020-07-09,9297.69
2020-07-10,9186.05
2020-07-11,9233.82
2020-07-12,9255.72
2020-07-13,9279.66
2020-07-14,9215.77
2020-07-15,9212.70
2020-07-16,9107.87
2020-07-17,9131.56
2020-07-18,9165.36
2020-07-19,9157.51
2020-07-20,9174.62
2020-07-21,9340.11
2020-07-22,9389.42
2020-07-23,9545.49
2020-07-24,9562.43
2020-07-25,9636.66
2020-07-26,9915.66
2020-07-27,10554.67
2020-07-28,10965.14
2020-07-29,11129.13
2020-07-30,11023.89
2020-07-31,11240.77
2020-08-01,11631.55
2020-08-02,11281.69
2020-08-03,11283.73
2020-08-04,11216.83
2020-08-05,11556.88
2020-08-06,11755.72
2020-08-07,11647.96
2020-08-08,11693.21
2020-08-09,11666.34
2020-08-10,11882.30
2020-08-11,11551.92
2020-08-12,11464.88
2020-08-13,11534.55
2020-08-14,11749.08
2020-08-15,11873.53
2020-08-16,11837.71
2020-08-17,12166.20
2020-08-18,12083.63
2020-08-19,11774.90
2020-08-20,11802.63
2020-08-21,11720.14
2020-08-22,11545.00
2020-08-23,11622.12
2020-08-24,11746.20
2020-08-25,11417.32
2020-08-26,11382.38
2020-08-27,11347.58
2020-08-28,11453.72
2020-08-29,11509.47
2020-08-30,11624.02
2020-08-31,11688.72
2020-09-01,11895.50
2020-09-02,11457.50
2020-09-03,10757.40
2020-09-04,10368.29
2020-09-05,10194.93
2020-09-06,10191.83
2020-09-07,10107.55
2020-09-08,10098.05
2020-09-09,10197.47
2020-09-10,10341.18
2020-09-11,10300.48
2020-09-12,10372.07
2020-09-13,10350.01
2020-09-14,10547.93
2020-09-15,10796.22
2020-09-16,10938.23
2020-09-17,10870.63
2020-09-18,10920.38
2020-09-19,11042.86
2020-09-20,10903.94
2020-09-21,10572.01
2020-09-22,10465.76
2020-09-23,10379.16
2020-09-24,10505.46
2020-09-25,10661.11
2020-09-26,10723.27
2020-09-27,10711.63
2020-09-28,10870.56
2020-09-29,10731.22
2020-09-30,10743.64
2020-10-01,10689.37
2020-10-02,10515.17
2020-10-03,10553.29
2020-10-04,10624.30
2020-10-05,10712.17
2020-10-06,10645.10
2020-10-07,10623.31
2020-10-08,10777.60
2020-10-09,11012.99
2020-10-10,11341.38
2020-10-11,11370.10
2020-10-12,11465.81
2020-10-13,11433.22
2020-10-14,11407.74
2020-10-15,11413.31
2020-10-16,11335.53
2020-10-17,11340.79
2020-10-18,11447.56
2020-10-19,11659.19
2020-10-20,11879.59
2020-10-21,12584.26
2020-10-22,12963.28
2020-10-23,12914.65
2020-10-24,13053.53
2020-10-25,13077.50
2020-10-26,13063.07
2020-10-27,13446.13
2020-10-28,13372.05
2020-10-29,13321.05
2020-10-30,13406.53
2020-10-31,13766.16
2020-11-01,13762.50
2020-11-02,13545.24
2020-11-03,13632.97
2020-11-04,13908.17
2020-11-05,14937.25
2020-11-06,15570.55
2020-11-07,15076.99
2020-11-08,15255.08
2020-11-09,15364.34
2020-11-10,15325.34
2020-11-11,15652.51
2020-11-12,15939.42
2020-11-13,16279.18
2020-11-14,15982.98
2020-11-15,15979.39
2020-11-16,16409.95
2020-11-17,17260.21
2020-11-18,17874.21
2020-11-19,17792.16
2020-11-20,18370.05
2020-11-21,18710.40
2020-11-22,18291.83
2020-11-23,18443.06
2020-11-24,18940.47
2020-11-25,19053.63
2020-11-26,17151.06
2020-11-27,16941.50
2020-11-28,17411.32
2020-11-29,18038.28
2020-11-30,19114.41
2020-12-01,19131.62
2020-12-02,18933.33
2020-12-03,19317.04
2020-12-04,19055.65
2020-12-05,18975.52
2020-12-06,19161.79
2020-12-07,19178.67
2020-12-08,18799.50
2020-12-09,18237.26
2020-12-10,18256.19
2020-12-11,17897.44
2020-12-12,18505.37
2020-12-13,19139.09
2020-12-14,19166.97
2020-12-15,19341.79
2020-12-16,20395.30
2020-12-17,22781.35
2020-12-18,22874.88
2020-12-19,23490.41
2020-12-20,23607.38
2020-12-21,23029.26
2020-12-22,23142.18
2020-12-23,23488.62
2020-12-24,23206.16
2020-12-25,24133.91
2020-12-26,25613.82
2020-12-27,27081.23
2020-12-28,26962.66
2020-12-29,26654.11
2020-12-30,28179.82
2020-12-31,28819.11
2021-01-01,29279.02
2021-01-02,31348.55
2021-01-03,33463.99
2021-01-04,31099.84
2021-01-05,32341.58
2021-01-06,34979.45
2021-01-07,38299.34
2021-01-08,39991.02
2021-01-09,40348.28
2021-01-10,38553.79
2021-01-11,33575.28
2021-01-12,34778.52
2021-01-13,34751.04
2021-01-14,38606.76
2021-01-15,36803.97
2021-01-16,36797.54
2021-01-17,35389.12
2021-01-18,36132.13
2021-01-19,36921.54
2021-01-20,34861.96
2021-01-21,32321.94
2021-01-22,31363.64
2021-01-23,32331.66
2021-01-24,32091.71
2021-01-25,33485.77
2021-01-26,31995.08
2021-01-27,30809.66
2021-01-28,31973.18
2021-01-29,35574.15
2021-01-30,33988.36
2021-01-31,33299.68
2021-02-01,33790.99
2021-02-02,34861.05
2021-02-03,36640.05
2021-02-04,37458.44
2021-02-05,37729.33
2021-02-06,39835.89
2021-02-07,38571.43
2021-02-08,43069.30
2021-02-09,46705.27
2021-02-10,45554.62
2021-02-11,46872.56
2021-02-12,47548.59
2021-02-13,47122.31
2021-02-14,48746.38
2021-02-15,47515.80
2021-02-16,48997.83
2021-02-17,51000.38
2021-02-18,51850.69
2021-02-19,53880.03
2021-02-20,56335.45
2021-02-21,57157.68
2021-02-22,53588.44
2021-02-23,48392.84
2021-02-24,49869.77
2021-02-25,49832.13
2021-02-26,46464.81
2021-02-27,46952.92
2021-02-28,44551.56
2021-03-01,47992.14
2021-03-02,48588.25
2021-03-03,50862.22
2021-03-04,49267.17
2021-03-05,47653.45
2021-03-06,48292.47
2021-03-07,50422.49
2021-03-08,50856.70
2021-03-09,53979.59
2021-03-10,55654.48
2021-03-11,56338.63
2021-03-12,56711.97
2021-03-13,59670.23
2021-03-14,60429.06
2021-03-15,57136.69
2021-03-16,55052.32
2021-03-17,56333.14
2021-03-18,58585.51
2021-03-19,58307.12
2021-03-20,58820.34
2021-03-21,57207.46
2021-03-22,55988.58
2021-03-23,54625.07
2021-03-24,54908.15
2021-03-25,51889.75
2021-03-26,53323.27
2021-03-27,55313.35
2021-03-28,55687.49
2021-03-29,57262.53
2021-03-30,58473.48
2021-03-31,58640.43
2021-04-01,58825.74
2021-04-02,59377.60
2021-04-03,58585.83
2021-04-04,57572.41
2021-04-05,58289.23
2021-04-06,58307.31
2021-04-07,56684.07
2021-04-08,57274.72
2021-04-09,58229.33
2021-04-10,60036.76
2021-04-11,59796.71
2021-04-12,60169.26
2021-04-13,62142.81
2021-04-14,63314.69
2021-04-15,62948.87
2021-04-16,61477.76
2021-04-17,61112.41
2021-04-18,55574.41
2021-04-19,56302.04
2021-04-20,55497.04
2021-04-21,55375.70
2021-04-22,53356.50
2021-04-23,49609.13
2021-04-24,49959.47
2021-04-25,49230.66
2021-04-26,52949.50
2021-04-27,54649.87
2021-04-28,54821.34
2021-04-29,53646.47
2021-04-30,55629.21
2021-05-01,57825.14
2021-05-02,56788.02
2021-05-03,57906.40
2021-05-04,55147.83
2021-05-05,56177.76
2021-05-06,56806.01
2021-05-07,57025.37
2021-05-08,58664.79
2021-05-09,57902.33
2021-05-10,56969.79
2021-05-11,55819.67
2021-05-12,54437.52
2021-05-13,49480.43
2021-05-14,50300.27
2021-05-15,48401.94
2021-05-16,46535.45
2021-05-17,44036.21
2021-05-18,44046.38
2021-05-19,37986.05
2021-05-20,39839.63
2021-05-21,38267.83
2021-05-22,37329.25
2021-05-23,34153.54
2021-05-24,37324.94
2021-05-25,38020.92
2021-05-26,39324.42
2021-05-27,38970.97
2021-05-28,36376.88
2021-05-29,35179.26
2021-05-30,35432.22
2021-05-31,36258.82
2021-06-01,36583.28
2021-06-02,37362.63
2021-06-03,38611.21
2021-06-04,36938.37
2021-06-05,36347.50
2021-06-06,35913.68
2021-06-07,35566.34
2021-06-08,32661.43
2021-06-09,35174.95
2021-06-10,37115.79
2021-06-11,37033.18
2021-06-12,35658.71
2021-06-13,36982.20
2021-06-14,39841.58
2021-06-15,40225.92
2021-06-16,39266.92
2021-06-17,38449.36
2021-06-18,36802.30
2021-06-19,35743.75
2021-06-20,34810.39
2021-06-21,32782.63
2021-06-22,31213.95
2021-06-23,33784.08
2021-06-24,33741.44
2021-06-25,33085.77
2021-06-26,31273.83
2021-06-27,33188.65
2021-06-28,34518.25
2021-06-29,35623.02
2021-06-30,34888.67
2021-07-01,33590.30
2021-07-02,33307.91
2021-07-03,34397.92
2021-07-04,35406.96
2021-07-05,34072.53
2021-07-06,34265.57
2021-07-07,34556.12
2021-07-08,32831.92
2021-07-09,33138.24
2021-07-10,33689.72
2021-07-11,33873.69
2021-07-12,33612.70
2021-07-13,32803.65
2021-07-14,32450.39
2021-07-15,31919.61
2021-07-16,31721.62
2021-07-17,31598.78
2021-07-18,31782.50
2021-07-19,31082.89
2021-07-20,29793.10
2021-07-21,31368.09
2021-07-22,32150.06
2021-07-23,32576.54
2021-07-24,33872.72
2021-07-25,34421.24
2021-07-26,38351.43
2021-07-27,37637.42
2021-07-28,39891.82
2021-07-29,39914.63
2021-07-30,39869.68
2021-07-31,41691.50
2021-08-01,41117.97
2021-08-02,39542.99
2021-08-03,38308.40
2021-08-04,38463.65
2021-08-05,39704.72
2021-08-06,41581.22
2021-08-07,43630.24
2021-08-08,44445.82
2021-08-09,45248.64
2021-08-10,45638.33
2021-08-11,46203.62
2021-08-12,44851.61
2021-08-13,46537.00
2021-08-14,46951.61
2021-08-15,46344.31
2021-08-16,46923.46
2021-08-17,45848.19
2021-08-18,45185.10
2021-08-19,45504.67
2021-08-20,47980.73
2021-08-21,49012.41
2021-08-22,48821.30
2021-08-23,49929.87
2021-08-24,48712.46
2021-08-25,48182.17
2021-08-26,47200.54
2021-08-27,47522.91
2021-08-28,48885.63
2021-08-29,48648.10
2021-08-30,47956.10
2021-08-31,47316.69
2021-09-01,47785.77
2021-09-02,49719.05
2021-09-03,50052.47
2021-09-04,49986.93
2021-09-05,50601.34
2021-09-06,51760.77
2021-09-07,48217.37
2021-09-08,46141.50
2021-09-09,46504.55
2021-09-10,45718.23
2021-09-11,45372.58
2021-09-12,45708.29
2021-09-13,44727.96
2021-09-14,46286.64
2021-09-15,47657.57
2021-09-16,47818.86
2021-09-17,47457.32
2021-09-18,48297.20
2021-09-19,47596.60
2021-09-20,44355.20
2021-09-21,42082.64
2021-09-22,42662.65
2021-09-23,44179.57
2021-09-24,42572.97
2021-09-25,42497.05
2021-09-26,42700.28
2021-09-27,43283.37
2021-09-28,41835.89
2021-09-29,41734.04
2021-09-30,43287.28
2021-10-01,46635.54
2021-10-02,47880.95
2021-10-03,48191.67
2021-10-04,48307.26
2021-10-05,50403.00
2021-10-06,53474.71
2021-10-07,54266.46
2021-10-08,54709.97
2021-10-09,54870.42
2021-10-10,55119.02
2021-10-11,56802.29
2021-10-12,56336.14
2021-10-13,55790.41
2021-10-14,57622.62
2021-10-15,60134.42
2021-10-16,61253.01
2021-10-17,60684.68
2021-10-18,61674.89
2021-10-19,63168.10
2021-10-20,65701.83
2021-10-21,64502.06
2021-10-22,62069.14
2021-10-23,61064.46
2021-10-24,60480.85
2021-10-25,62745.33
2021-10-26,61895.07
2021-10-27,59369.59
2021-10-28,60130.78
2021-10-29,61534.43
2021-10-30,61605.10
2021-10-31,61084.96
2021-11-01,61301.81
2021-11-02,62446.75
2021-11-03,62607.52
2021-11-04,61788.75
2021-11-05,61449.07
2021-11-06,60862.29
2021-11-07,62216.42
2021-11-08,65762.15
2021-11-09,67482.75
2021-11-10,66256.31
2021-11-11,64931.06
2021-11-12,63900.23
2021-11-13,64112.66
2021-11-14,64456.32
2021-11-15,65064.03
2021-11-16,60733.54
2021-11-17,59813.08
2021-11-18,58687.47
2021-11-19,57202.61
2021-11-20,58790.76
2021-11-21,59184.75
2021-11-22,57339.46
2021-11-23,57006.00
2021-11-24,56693.58
2021-11-25,58315.52
2021-11-26,55314.53
2021-11-27,54542.23
2021-11-28,54932.23
2021-11-29,57636.34
2021-11-30,57431.09
2021-12-01,57380.03
2021-12-02,56681.17
2021-12-03,55000.01
2021-12-04,47845.59
2021-12-05,49110.46
2021-12-06,48905.19
2021-12-07,51095.21
2021-12-08,50097.76
2021-12-09,48795.29
2021-12-10,48231.39
2021-12-11,48327.26
2021-12-12,49858.86
2021-12-13,47641.68
2021-12-14,47290.23
2021-12-15,48073.52
2021-12-16,48527.56
2021-12-17,46672.85
2021-12-18,46507.77
2021-12-19,47292.03
2021-12-20,46377.65
2021-12-21,48507.59
2021-12-22,49004.99
2021-12-23,49417.85
2021-12-24,51105.06
2021-12-25,50778.48
2021-12-26,50156.60
2021-12-27,51142.65
2021-12-28,48744.27
2021-12-29,47417.48
2021-12-30,47044.13
2021-12-31,47225.77
2022-01-01,47055.04
2022-01-02,47247.50
2022-01-03,46674.58
2022-01-04,46495.19
2022-01-05,45169.19
2022-01-06,43083.58
2022-01-07,41809.83
2022-01-08,41462.58
2022-01-09,42009.72
2022-01-10,41145.58
2022-01-11,42296.73
2022-01-12,43461.41
2022-01-13,43455.09
2022-01-14,42663.95
2022-01-15,43114.60
2022-01-16,43109.95
2022-01-17,42451.51
2022-01-18,41810.62
2022-01-19,41924.52
2022-01-20,42268.26
2022-01-21,38240.41
2022-01-22,35350.57
2022-01-23,35557.95
2022-01-24,34656.01
2022-01-25,36579.24
2022-01-26,37609.54
2022-01-27,36345.24
2022-01-28,37068.01
2022-01-29,37873.18
2022-01-30,37939.38
2022-01-31,37673.70
2022-02-01,38623.20
2022-02-02,37827.53
2022-02-03,36751.03
2022-02-04,39226.26
2022-02-05,41515.85
2022-02-06,41725.40
2022-02-07,43202.32
2022-02-08,43862.16
2022-02-09,43947.91
2022-02-10,44443.06
2022-02-11,43084.05
2022-02-12,42311.11
2022-02-13,42321.65
2022-02-14,42241.54
2022-02-15,43995.46
2022-02-16,43935.23
2022-02-17,42116.34
2022-02-18,40280.99
2022-02-19,40018.95
2022-02-20,38649.00
2022-02-21,38286.97
2022-02-22,37366.59
2022-02-23,38248.83
2022-02-24,35842.81
2022-02-25,39021.88
2022-02-26,39330.59
2022-02-27,38305.53
2022-02-28,40478.29
2022-03-01,43760.12
2022-03-02,44213.80
2022-03-03,42805.38
2022-03-04,40761.49
2022-03-05,39167.95
2022-03-06,38914.22
2022-03-07,38300.38
2022-03-08,38707.53
2022-03-09,41496.13
2022-03-10,39573.14
2022-03-11,39037.11
2022-03-12,39057.27
2022-03-13,38611.09
2022-03-14,38806.55
2022-03-15,39141.48
2022-03-16,40380.48
2022-03-17,40890.73
2022-03-18,41161.38
2022-03-19,41950.55
2022-03-20,41541.64
2022-03-21,41077.59
2022-03-22,42540.05
2022-03-23,42264.47
2022-03-24,43398.43
2022-03-25,44457.94
2022-03-26,44436.66
2022-03-27,45731.41
2022-03-28,47401.94
2022-03-29,47597.21
2022-03-30,47234.97
2022-03-31,46389.84
2022-04-01,45470.34
2022-04-02,46451.30
2022-04-03,46529.00
2022-04-04,45968.42
2022-04-05,46285.44
2022-04-06,44257.26
2022-04-07,43446.83
2022-04-08,43171.66
2022-04-09,42432.04
2022-04-10,42683.16
2022-04-11,40795.14
2022-04-12,39988.49
2022-04-13,40525.65
2022-04-14,40441.95
2022-04-15,40291.84
2022-04-16,40378.02
2022-04-17,40158.21
2022-04-18,39803.64
2022-04-19,41234.34
2022-04-20,41535.22
2022-04-21,41579.34
2022-04-22,40059.05
2022-04-23,39689.05
2022-04-24,39530.86
2022-04-25,39240.87
2022-04-26,38920.90
2022-04-27,38858.34
2022-04-28,39636.43
2022-04-29,38987.20
2022-04-30,38286.16
2022-05-01,38090.12
2022-05-02,38651.16
2022-05-03,38130.54
2022-05-04,39167.79
2022-05-05,37453.49
2022-05-06,36067.57
2022-05-07,35525.66
2022-05-08,34446.90
2022-05-09,31837.88
2022-05-10,31230.34
2022-05-11,30008.92
2022-05-12,27963.46
2022-05-13,30144.70
2022-05-14,29378.75
2022-05-15,30229.68
2022-05-16,29841.31
2022-05-17,30218.57
2022-05-18,29426.69
2022-05-19,29735.90
2022-05-20,29609.80
2022-05-21,29324.47
2022-05-22,29924.39
2022-05-23,29979.08
2022-05-24,29261.19
2022-05-25,29740.17
2022-05-26,29102.59
2022-05-27,28842.95
2022-05-28,28864.19
2022-05-29,29164.53
2022-05-30,30762.02
2022-05-31,31707.83
2022-06-01,30639.79
2022-06-02,30059.24
2022-06-03,29866.18
2022-06-04,29711.90
2022-06-05,29896.02
2022-06-06,31207.24
2022-06-07,30353.59
2022-06-08,30415.34
2022-06-09,30213.10
2022-06-10,29524.74
2022-06-11,28716.29
2022-06-12,27509.10
2022-06-13,24049.55
2022-06-14,22078.74
2022-06-15,21158.34
2022-06-16,21222.78
2022-06-17,20668.22
2022-06-18,18889.78
2022-06-19,19379.82
2022-06-20,20348.25
2022-06-21,21024.20
2022-06-22,20291.68
2022-06-23,20624.56
2022-06-24,21071.85
2022-06-25,21289.51
2022-06-26,21394.94
2022-06-27,20986.15
2022-06-28,20742.67
2022-06-29,20109.22
2022-06-30,19268.57
2022-07-01,19706.02
2022-07-02,19228.36
2022-07-03,19187.95
2022-07-04,19675.92
2022-07-05,19991.53
2022-07-06,20195.25
2022-07-07,21154.59
2022-07-08,21799.93
2022-07-09,21618.24
2022-07-10,21087.40
2022-07-11,20423.05
2022-07-12,19705.33
2022-07-13,19592.76
2022-07-14,20267.18
2022-07-15,20832.09
2022-07-16,21001.18
2022-07-17,21214.60
2022-07-18,21119.86
2022-07-19,22680.58
2022-07-20,23602.19
2022-07-21,22917.99
2022-07-22,23181.35
2022-07-23,22427.78
2022-07-24,22677.17
2022-07-25,21923.68
2022-07-26,20997.15
2022-07-27,22109.35
2022-07-28,23375.47
2022-07-29,23897.96
2022-07-30,24057.43
2022-07-31,23720.26
2022-08-01,23210.80
2022-08-02,23006.58
2022-08-03,23205.51